City,BHK,Size_in_SqFt,Year_Built,Parking_Space,Price_in_Lakhs,Price_per_SqFt,Target_Price_Per_SqFt_INR
Gaya,5,4683,1996,Yes,302.13,0.06,6451.633568225497
Gaya,3,3578,2014,Yes,221.9,0.06,6201.788708775853
Ranchi,2,2091,2015,No,175.64,0.08,8399.808703969393
Jaipur,4,618,2017,No,197.21,0.32,31911.003236245953
Mumbai,5,3881,1991,No,492.33,0.13,12685.64802885854
Noida,2,1917,1991,No,25.66,0.01,1338.5498174230568
Indore,4,2584,2020,Yes,28.19,0.01,1090.9442724458204
Mysore,5,2884,1990,Yes,87.46,0.03,3032.593619972261
Hyderabad,2,3542,1998,Yes,161.24,0.05,4552.230378317335
Vijayawada,2,4454,1992,Yes,186.77,0.04,4193.309384822632
New Delhi,3,4648,2006,Yes,25.34,0.01,545.1807228915662
Gaya,5,4020,2003,Yes,347.02,0.09,8632.33830845771
Surat,5,2760,2017,Yes,54.39,0.02,1970.6521739130435
Vijayawada,1,4910,2000,No,141.4,0.03,2879.837067209776
Gurgaon,4,4992,2003,No,282.89,0.06,5666.866987179487
Vijayawada,1,2653,1992,Yes,352.34,0.13,13280.814172634753
Bhopal,4,1422,2006,No,383.89,0.27,26996.48382559775
Bilaspur,4,4160,2012,Yes,208.53,0.05,5012.740384615385
Indore,4,4676,1996,No,287.73,0.06,6153.33618477331
Durgapur,5,2595,2015,No,164.9,0.06,6354.527938342967
Amritsar,5,2623,2011,No,153.14,0.06,5838.35303088067
Noida,4,4538,2023,No,180.22,0.04,3971.35301895108
Chennai,1,3242,2019,Yes,161.82,0.05,4991.363355953115
Bilaspur,3,1710,2023,No,192.65,0.11,11266.08187134503
Vishakhapatnam,4,3045,1997,No,327.56,0.11,10757.307060755336
Indore,3,4648,2023,No,240.44,0.05,5172.977624784854
Vishakhapatnam,2,2471,2003,No,324.11,0.13,13116.552003237555
Bangalore,2,2736,1996,Yes,156.65,0.06,5725.511695906433
Silchar,2,2732,1995,No,228.37,0.08,8359.077598828697
Patna,2,2001,2010,Yes,342.44,0.17,17113.44327836082
Kochi,3,990,2013,Yes,121.11,0.12,12233.333333333334
Pune,2,2910,1992,No,357.79,0.12,12295.189003436426
Mysore,2,2527,1998,Yes,209.25,0.08,8280.569845666798
Gurgaon,5,3995,2003,Yes,452.55,0.11,11327.9098873592
Silchar,1,1262,2017,No,182.97,0.14,14498.415213946117
Cuttack,2,4600,1996,Yes,130.18,0.03,2830.0
Kolkata,4,2427,1999,No,177.27,0.07,7304.079110012361
Faridabad,3,2590,1996,No,414.18,0.16,15991.505791505791
New Delhi,2,1682,2014,Yes,303.11,0.18,18020.808561236623
Jodhpur,5,2053,1994,Yes,276.1,0.13,13448.611787627864
Surat,2,1874,1997,No,391.73,0.21,20903.4151547492
Indore,5,2219,2011,Yes,457.45,0.21,20615.141955835963
Gurgaon,5,3960,2004,No,27.95,0.01,705.8080808080808
Gaya,1,766,2006,No,32.63,0.04,4259.791122715405
Jamshedpur,2,1811,2005,No,472.42,0.26,26086.140254003312
Vishakhapatnam,4,4257,2002,Yes,300.49,0.07,7058.726802912849
Cuttack,1,1227,1999,Yes,194.73,0.16,15870.41564792176
Jaipur,4,1956,1994,No,105.88,0.05,5413.087934560327
Lucknow,4,4169,2010,Yes,450.66,0.11,10809.786519549052
Gurgaon,1,4284,1996,Yes,110.23,0.03,2573.062558356676
Bilaspur,2,2955,2021,Yes,492.63,0.17,16671.065989847717
Kochi,5,4066,2015,No,467.97,0.12,11509.345794392524
Ludhiana,1,2051,2021,No,498.08,0.24,24284.73915163335
Durgapur,2,4824,1995,No,62.63,0.01,1298.3001658374792
Chennai,2,2076,2008,Yes,63.87,0.03,3076.5895953757226
Kolkata,4,3541,2011,Yes,223.05,0.06,6299.068059870093
Ahmedabad,4,3972,1992,Yes,307.98,0.08,7753.776435045317
Patna,4,4280,2022,Yes,156.09,0.04,3646.96261682243
Ludhiana,2,725,2006,No,172.41,0.24,23780.689655172413
Durgapur,4,2767,2002,Yes,414.27,0.15,14971.810625225877
Bangalore,4,2964,2022,Yes,492.01,0.17,16599.52766531714
Guwahati,2,1270,1998,No,468.67,0.37,36903.149606299216
Vijayawada,3,682,1997,Yes,395.32,0.58,57964.809384164226
Indore,2,2654,2008,No,126.33,0.05,4759.984928409947
Durgapur,4,728,2000,Yes,452.1,0.62,62101.64835164835
Patna,5,2940,2005,Yes,331.91,0.11,11289.455782312927
Vijayawada,4,2033,2013,Yes,269.29,0.13,13245.941957697985
Chennai,5,1903,2000,Yes,94.54,0.05,4967.9453494482395
Haridwar,3,1818,2023,No,217.67,0.12,11973.047304730473
Warangal,4,675,1991,No,113.77,0.17,16854.814814814814
Vijayawada,5,1596,2006,No,333.11,0.21,20871.55388471178
Chennai,5,4082,2004,Yes,362.03,0.09,8868.936795688389
Kochi,4,2859,2004,No,217.0,0.08,7590.066456803078
Surat,2,4491,2013,Yes,191.59,0.04,4266.087731017591
Gurgaon,4,941,2002,No,468.73,0.5,49811.902231668435
Gaya,4,2126,1990,No,439.51,0.21,20673.095014111008
Bilaspur,3,3646,2005,No,56.34,0.02,1545.2550740537577
Cuttack,4,2678,2014,No,162.03,0.06,6050.410754294249
Indore,1,1629,1994,No,63.92,0.04,3923.879680785758
Durgapur,1,953,2014,No,442.08,0.46,46388.24763903463
Warangal,5,2802,2000,No,484.26,0.17,17282.655246252678
Vishakhapatnam,3,1260,2023,No,397.97,0.32,31584.920634920636
Jamshedpur,1,1436,2002,No,338.97,0.24,23605.15320334262
Vijayawada,5,973,2014,Yes,204.17,0.21,20983.556012332992
Coimbatore,4,1901,2009,Yes,469.01,0.25,24671.75170962651
Mysore,1,4417,1995,No,290.2,0.07,6570.070183382386
Vijayawada,4,779,1990,Yes,477.86,0.61,61342.747111681645
Indore,1,2497,2019,Yes,395.83,0.16,15852.22266720064
Dehradun,2,2358,2017,Yes,25.3,0.01,1072.9431721798135
Gaya,3,1389,2000,Yes,120.55,0.09,8678.905687544997
Faridabad,3,2479,2005,Yes,62.67,0.03,2528.0354981847518
Noida,1,3987,1998,Yes,162.88,0.04,4085.2771507399048
Patna,4,1682,2004,Yes,17.1,0.01,1016.6468489892986
Vijayawada,4,3716,1995,No,130.43,0.04,3509.956942949408
Ludhiana,3,1069,2018,No,320.62,0.3,29992.516370439662
Indore,1,3193,2000,Yes,78.76,0.02,2466.6457876605077
Kolkata,2,779,2019,Yes,321.53,0.41,41274.71116816431
Faridabad,2,4841,2018,No,337.64,0.07,6974.592026440818
Jamshedpur,2,4587,2013,Yes,122.2,0.03,2664.0505777196427
Faridabad,5,2567,2021,No,184.98,0.07,7206.0771328398905
Trivandrum,5,1994,1995,Yes,424.73,0.21,21300.401203610832
Gurgaon,2,4385,1992,Yes,178.22,0.04,4064.310148232611
Cuttack,1,1420,1995,Yes,144.99,0.1,10210.56338028169
Gaya,2,3519,2017,No,363.98,0.1,10343.279340721796
Haridwar,1,3345,2002,Yes,221.26,0.07,6614.648729446936
Lucknow,4,2010,2016,No,183.84,0.09,9146.268656716418
Coimbatore,1,1286,2016,Yes,301.93,0.23,23478.22706065319
Mysore,5,3212,2008,Yes,173.78,0.05,5410.3362391033625
Durgapur,2,2402,2021,Yes,320.66,0.13,13349.708576186513
Silchar,3,1051,2001,Yes,181.13,0.17,17234.06279733587
Noida,3,835,2017,No,218.98,0.26,26225.149700598802
Lucknow,2,3077,1992,No,43.01,0.01,1397.7900552486187
Dehradun,5,2620,1999,Yes,256.63,0.1,9795.038167938932
Bhopal,1,2644,1994,No,260.22,0.1,9841.906202723148
Gurgaon,1,3323,2021,Yes,34.5,0.01,1038.2184772795667
Guwahati,2,1229,1996,Yes,248.7,0.2,20235.964198535396
Faridabad,5,2422,2004,No,128.88,0.05,5321.222130470685
Kochi,4,3544,2009,Yes,420.77,0.12,11872.742663656885
Kolkata,2,3738,1997,Yes,421.89,0.11,11286.516853932584
Kolkata,2,3130,2014,No,122.85,0.04,3924.920127795527
Gaya,1,996,1993,Yes,68.59,0.07,6886.546184738956
Indore,4,4448,1990,No,24.51,0.01,551.0341726618705
Dwarka,4,3898,2006,No,182.78,0.05,4689.071318624936
Jamshedpur,2,952,2013,No,321.99,0.34,33822.47899159664
Gaya,3,4640,1995,No,374.73,0.08,8076.077586206897
Jaipur,5,2534,1993,Yes,334.32,0.13,13193.370165745857
Lucknow,5,528,1993,No,62.55,0.12,11846.59090909091
Amritsar,5,3021,1994,No,123.81,0.04,4098.311817279046
Dehradun,1,3519,2012,No,171.64,0.05,4877.522023302075
Coimbatore,2,2285,1992,Yes,190.79,0.08,8349.671772428885
Ahmedabad,1,1352,2023,No,276.06,0.2,20418.63905325444
Silchar,1,2965,1996,No,160.99,0.05,5429.679595278246
Patna,5,1196,1998,No,20.98,0.02,1754.180602006689
Durgapur,5,613,2021,No,350.58,0.57,57190.86460032626
Silchar,5,509,1990,Yes,418.1,0.82,82141.45383104126
Vishakhapatnam,4,4806,2016,Yes,180.56,0.04,3756.970453599667
Chennai,3,3755,2023,Yes,287.83,0.08,7665.246338215712
Vijayawada,2,4307,1995,No,431.17,0.1,10010.912468075227
Bhopal,2,1529,1997,No,93.85,0.06,6137.998691955527
Surat,3,2097,1990,No,352.69,0.17,16818.788745827373
Gurgaon,2,1802,2001,Yes,450.17,0.25,24981.68701442841
Bhubaneswar,5,2294,2011,No,256.2,0.11,11168.265039232781
Hyderabad,5,3787,2020,Yes,221.18,0.06,5840.506997623449
Dehradun,5,2539,2009,Yes,493.88,0.19,19451.75265852698
Amritsar,5,3688,2005,No,329.38,0.09,8931.127982646422
Faridabad,2,1971,2014,Yes,111.41,0.06,5652.46067985794
Bhubaneswar,1,3518,2009,No,366.99,0.1,10431.77942012507
Bangalore,3,1096,1999,Yes,482.79,0.44,44050.18248175183
Kolkata,2,2345,2007,No,178.73,0.08,7621.748400852878
Vishakhapatnam,1,4767,2006,Yes,409.79,0.09,8596.391860709042
New Delhi,1,4742,2006,No,430.75,0.09,9083.719949388444
Jaipur,5,3609,2003,Yes,321.3,0.09,8902.743142144638
Mysore,1,797,2005,No,292.98,0.37,36760.3513174404
Ludhiana,4,4519,2004,No,117.74,0.03,2605.443682230582
Trivandrum,2,1068,2011,Yes,20.21,0.02,1892.3220973782772
Mysore,5,2468,2010,Yes,32.04,0.01,1298.2171799027553
Pune,5,1359,2013,No,112.06,0.08,8245.768947755703
Jodhpur,5,1476,2012,Yes,278.27,0.19,18852.981029810297
Nagpur,3,4096,2018,No,491.83,0.12,12007.568359375
Trivandrum,2,1803,2013,No,310.2,0.17,17204.658901830284
Lucknow,3,1883,2004,No,425.03,0.23,22571.959638874137
Gaya,2,1878,1993,No,186.66,0.1,9939.297124600638
Noida,4,1688,1990,Yes,355.97,0.21,21088.270142180096
Nagpur,1,3829,1991,Yes,155.77,0.04,4068.1640114912516
Ranchi,2,1354,1994,Yes,49.09,0.04,3625.5539143279175
Warangal,2,4009,2018,Yes,407.21,0.1,10157.395859316537
Cuttack,1,3617,1998,No,360.21,0.1,9958.805640033177
Durgapur,3,3208,2019,No,170.42,0.05,5312.344139650872
Hyderabad,5,3962,1996,No,261.69,0.07,6604.997476022211
Cuttack,3,1384,1990,No,436.47,0.32,31536.84971098266
Coimbatore,2,621,2019,Yes,309.16,0.5,49784.21900161031
Trivandrum,4,4177,2021,No,105.39,0.03,2523.1027052908785
Patna,3,3262,1993,No,115.09,0.04,3528.203556100552
Jamshedpur,3,1436,2022,No,282.07,0.2,19642.75766016713
Pune,2,3506,2022,No,498.97,0.14,14231.88819167142
Bilaspur,4,1186,2008,No,179.87,0.15,15166.10455311973
Durgapur,5,2061,2010,No,442.35,0.21,21462.88209606987
Vijayawada,5,2883,2010,Yes,271.69,0.09,9423.86403052376
Dehradun,3,1186,2000,Yes,244.98,0.21,20655.986509274873
Gaya,1,1359,2019,Yes,29.41,0.02,2164.0912435614423
Raipur,2,1490,2017,Yes,184.51,0.12,12383.221476510067
New Delhi,1,3552,1992,No,323.63,0.09,9111.204954954956
Cuttack,3,4314,2011,Yes,247.66,0.06,5740.843764487714
Jodhpur,2,2596,2020,Yes,406.74,0.16,15667.950693374421
Bilaspur,1,3171,2019,Yes,310.87,0.1,9803.532008830021
Amritsar,1,2921,2003,Yes,62.28,0.02,2132.1465251626155
Faridabad,4,565,2005,Yes,214.53,0.38,37969.91150442478
Silchar,5,2475,2017,Yes,260.62,0.11,10530.10101010101
Hyderabad,1,705,2013,No,152.23,0.22,21592.907801418438
Kolkata,4,3394,2017,Yes,447.62,0.13,13188.568061284619
Mangalore,5,1988,2001,No,164.42,0.08,8270.623742454727
Surat,3,2378,2023,Yes,372.01,0.16,15643.818334735071
Chennai,1,1613,2016,Yes,467.97,0.29,29012.39925604464
Mangalore,4,1592,2016,No,36.31,0.02,2280.778894472362
Chennai,4,1912,2018,No,240.71,0.13,12589.435146443515
Jaipur,5,2327,2018,Yes,58.6,0.03,2518.263859045982
Mumbai,2,4881,1993,Yes,243.23,0.05,4983.20016390084
Haridwar,5,1870,2010,Yes,65.52,0.04,3503.743315508021
Dehradun,2,1183,2001,Yes,245.64,0.21,20764.158918005072
Bangalore,5,3801,2000,Yes,444.31,0.12,11689.292291502235
Gaya,2,1420,2013,No,201.0,0.14,14154.929577464789
Bhopal,3,2732,2010,No,159.68,0.06,5844.802342606149
Warangal,3,4106,2014,Yes,365.66,0.09,8905.504140282514
Faridabad,5,3988,1992,No,267.26,0.07,6701.60481444333
Bhubaneswar,4,1392,2001,No,306.92,0.22,22048.850574712644
Noida,5,1546,1996,Yes,397.98,0.26,25742.56144890039
Bilaspur,3,2641,1991,Yes,53.81,0.02,2037.4858008330177
Mumbai,1,4618,2010,No,468.42,0.1,10143.352100476397
Mangalore,4,3786,1992,Yes,45.0,0.01,1188.5895404120445
Jaipur,4,3361,2004,Yes,385.8,0.11,11478.72656947337
Bhubaneswar,5,1314,1990,Yes,479.31,0.36,36477.16894977169
Dwarka,4,1355,2004,No,462.9,0.34,34162.361623616234
Gurgaon,5,3135,2023,No,482.32,0.15,15385.00797448166
Nagpur,2,4337,1998,No,77.27,0.02,1781.6462992852203
Bangalore,2,2414,2005,No,286.67,0.12,11875.310687655345
Surat,1,1037,1995,Yes,154.27,0.15,14876.567020250724
Hyderabad,1,938,1994,Yes,59.47,0.06,6340.085287846482
Surat,2,3893,1994,No,199.67,0.05,5128.949396352427
Mangalore,4,893,1991,No,352.11,0.39,39430.01119820829
Bilaspur,4,799,2004,Yes,17.13,0.02,2143.929912390488
Ludhiana,4,2975,2000,No,171.71,0.06,5771.764705882353
New Delhi,1,2586,2018,Yes,263.48,0.1,10188.708430007733
Coimbatore,1,1505,2014,Yes,326.95,0.22,21724.25249169435
Hyderabad,1,2395,2022,No,54.85,0.02,2290.187891440501
Hyderabad,5,2031,2004,No,102.09,0.05,5026.587887740029
Trivandrum,3,4260,1997,No,358.66,0.08,8419.24882629108
Jodhpur,1,2187,2022,Yes,405.18,0.19,18526.748971193414
Mumbai,5,4906,2011,No,442.98,0.09,9029.351814105177
New Delhi,2,2465,2006,No,421.88,0.17,17114.80730223124
Vijayawada,4,815,2011,Yes,177.46,0.22,21774.233128834356
Coimbatore,5,4264,1993,No,100.05,0.02,2346.3883677298313
Silchar,2,1381,2000,Yes,34.79,0.03,2519.1889934829833
New Delhi,5,2513,1997,No,121.43,0.05,4832.073219259849
Gaya,1,1574,2011,No,126.32,0.08,8025.412960609911
Mangalore,1,1047,2011,Yes,383.48,0.37,36626.55205348615
Bhopal,2,3179,2001,Yes,196.08,0.06,6167.977351368355
Dehradun,5,4804,2006,Yes,457.35,0.1,9520.191507077436
Jamshedpur,3,870,1995,Yes,72.44,0.08,8326.436781609196
Amritsar,5,4381,2009,No,67.91,0.02,1550.102716274823
Kochi,1,2676,2016,Yes,91.28,0.03,3411.0612855007475
Jamshedpur,1,3388,2018,No,430.03,0.13,12692.739079102716
Jodhpur,5,3327,2020,No,324.45,0.1,9752.028854824166
Vishakhapatnam,3,3742,2004,No,211.38,0.06,5648.850881881347
Haridwar,5,1869,2001,No,47.6,0.03,2546.816479400749
Hyderabad,3,2094,2006,Yes,452.34,0.22,21601.71919770774
Trivandrum,1,4909,1996,Yes,308.5,0.06,6284.375636585863
Hyderabad,4,3225,2006,Yes,127.85,0.04,3964.3410852713178
Cuttack,4,3784,2003,Yes,409.89,0.11,10832.188160676533
Haridwar,5,1910,2022,No,301.2,0.16,15769.633507853403
Bhubaneswar,2,4205,2006,Yes,353.74,0.08,8412.366230677764
Durgapur,4,2500,2015,Yes,197.2,0.08,7888.0
Kochi,4,3252,2009,No,53.57,0.02,1647.2939729397294
Dwarka,1,1991,1996,No,399.13,0.2,20046.710195881467
Kolkata,5,2960,2005,Yes,80.05,0.03,2704.391891891892
Jamshedpur,1,4636,1997,No,98.02,0.02,2114.3226919758413
Surat,5,3565,1997,Yes,146.05,0.04,4096.774193548387
Ranchi,1,2840,2012,Yes,411.93,0.15,14504.577464788732
Trivandrum,4,1936,1999,No,481.53,0.25,24872.4173553719
Jamshedpur,2,1948,2003,No,498.46,0.26,25588.29568788501
Mysore,4,1026,1992,Yes,229.42,0.22,22360.62378167641
Indore,2,1938,2001,No,180.59,0.09,9318.369453044375
Bhopal,2,2454,2016,No,299.53,0.12,12205.786471067644
Trivandrum,3,4537,2017,Yes,197.92,0.04,4362.353978399824
Jodhpur,4,2138,2016,Yes,134.22,0.06,6277.829747427502
Durgapur,5,4063,1990,No,434.68,0.11,10698.498646320453
Surat,4,4150,2005,No,408.52,0.1,9843.855421686747
Bhubaneswar,2,1127,2007,No,486.75,0.43,43189.88464951198
Durgapur,4,3967,2011,Yes,57.8,0.01,1457.0204184522308
Kochi,1,2817,2023,No,277.65,0.1,9856.23003194888
Patna,1,1569,2011,Yes,140.14,0.09,8931.803696622052
Trivandrum,4,3059,1995,No,281.58,0.09,9204.968944099379
Surat,3,2054,2018,Yes,48.43,0.02,2357.838364167478
Gurgaon,3,1172,1998,No,72.59,0.06,6193.686006825938
Gaya,4,3556,1993,Yes,108.67,0.03,3055.9617547806524
Dehradun,2,1086,2013,Yes,101.72,0.09,9366.482504604051
Bangalore,1,4647,2020,No,434.55,0.09,9351.19431891543
Mumbai,1,3677,2012,Yes,180.13,0.05,4898.830568398151
Silchar,4,4935,2016,Yes,389.48,0.08,7892.198581560284
Surat,4,519,2015,No,210.23,0.41,40506.74373795761
Warangal,5,1510,1993,No,482.5,0.32,31953.64238410596
New Delhi,1,1182,2012,No,53.68,0.05,4541.455160744501
Raipur,3,4747,2016,No,344.57,0.07,7258.68969875711
Jamshedpur,2,1441,2005,No,368.16,0.26,25548.924358084663
Silchar,3,1151,2021,Yes,101.4,0.09,8809.730668983493
Jaipur,5,1538,2013,Yes,271.82,0.18,17673.602080624187
Vishakhapatnam,2,2648,2009,No,269.51,0.1,10177.87009063444
Haridwar,4,2015,1998,No,143.48,0.07,7120.595533498758
Mumbai,2,4600,2017,Yes,483.41,0.11,10508.91304347826
Raipur,1,3351,2009,No,450.08,0.13,13431.21456281707
Durgapur,2,2652,1997,Yes,392.92,0.15,14815.987933634993
Kochi,2,1967,2015,Yes,303.76,0.15,15442.806304016269
Pune,1,3847,2008,Yes,438.37,0.11,11395.113075123472
Jodhpur,2,3399,2017,Yes,208.78,0.06,6142.394822006472
Amritsar,2,728,2003,No,88.86,0.12,12206.043956043955
Ahmedabad,1,2721,1992,Yes,220.81,0.08,8115.031238515252
Patna,4,942,2004,No,490.29,0.52,52047.770700636946
Haridwar,5,1975,2019,No,473.38,0.24,23968.607594936708
Bilaspur,3,3997,2004,No,325.8,0.08,8151.113335001251
Dwarka,2,3490,2020,Yes,188.75,0.05,5408.309455587392
Haridwar,5,1101,1996,Yes,143.68,0.13,13049.954586739328
Warangal,1,3925,2011,No,409.74,0.1,10439.235668789808
Pune,2,4200,1990,No,150.36,0.04,3580.0000000000005
Bilaspur,2,3074,2007,Yes,450.9,0.15,14668.18477553676
Durgapur,2,4719,2008,No,89.23,0.02,1890.8667090485271
Bhopal,2,4730,2015,No,431.02,0.09,9112.473572938688
Bhubaneswar,3,2265,2015,No,119.9,0.05,5293.598233995585
Silchar,1,2657,2021,No,477.9,0.18,17986.450884456153
New Delhi,5,3291,2022,No,286.51,0.09,8705.864478881798
Bangalore,1,2960,2004,Yes,196.07,0.07,6623.986486486487
Bhopal,2,648,2005,Yes,407.64,0.63,62907.40740740741
Durgapur,3,2124,1996,No,424.74,0.2,19997.175141242937
Ahmedabad,3,4435,2010,Yes,286.53,0.06,6460.653889515219
Silchar,3,805,1999,Yes,439.99,0.55,54657.142857142855
Pune,1,4931,2003,No,227.79,0.05,4619.549787061448
Ranchi,1,1738,2002,No,311.28,0.18,17910.2416570771
Gaya,3,3852,2022,Yes,447.79,0.12,11624.870197300104
Kochi,4,514,1991,No,337.96,0.66,65750.97276264592
Trivandrum,3,3166,2016,No,224.71,0.07,7097.599494630448
Bhubaneswar,3,4503,1992,Yes,408.86,0.09,9079.72462802576
Vijayawada,5,4654,1993,No,439.97,0.09,9453.58831113021
Jaipur,5,2102,2016,Yes,185.05,0.09,8803.520456707898
Lucknow,4,2656,2004,Yes,174.5,0.07,6570.030120481928
Kolkata,5,3583,2015,No,133.17,0.04,3716.717834217136
Coimbatore,2,2331,2017,Yes,104.02,0.04,4462.462462462462
Ahmedabad,3,1835,2020,No,53.43,0.03,2911.716621253406
Ahmedabad,5,726,1990,Yes,15.09,0.02,2078.5123966942147
Noida,2,2879,2004,Yes,381.02,0.13,13234.456408475166
Guwahati,5,3946,2009,No,58.08,0.01,1471.8702483527622
Silchar,3,1664,2018,Yes,347.37,0.21,20875.60096153846
Dwarka,2,3682,2018,Yes,242.85,0.07,6595.6002172732215
Bangalore,5,3598,1994,No,417.06,0.12,11591.439688715953
Faridabad,4,2260,1994,No,484.73,0.21,21448.230088495577
Jaipur,1,4285,1990,No,421.6,0.1,9838.973162193699
Ahmedabad,2,3353,2000,No,51.73,0.02,1542.7974947807934
Bangalore,3,1298,2002,No,248.67,0.19,19157.93528505393
Surat,1,4365,2005,No,213.02,0.05,4880.183276059564
Bhubaneswar,1,1122,1998,No,455.63,0.41,40608.73440285205
New Delhi,2,4942,2004,Yes,451.41,0.09,9134.156212059896
Jamshedpur,3,2350,2020,No,345.26,0.15,14691.91489361702
Noida,3,537,1993,No,396.87,0.74,73905.02793296089
Kochi,1,1199,2018,Yes,102.07,0.09,8512.927439532945
Haridwar,5,568,1994,Yes,102.83,0.18,18103.87323943662
Gurgaon,3,4237,1997,No,85.75,0.02,2023.8376209582252
Chennai,3,2153,1998,No,97.68,0.05,4536.925220622387
Chennai,4,4698,1997,Yes,358.76,0.08,7636.441038739889
Bhubaneswar,4,4107,1994,No,320.33,0.08,7799.610421232042
Indore,4,2168,2003,Yes,451.46,0.21,20823.80073800738
Raipur,5,3255,2002,Yes,102.91,0.03,3161.5975422427036
Raipur,5,4658,2020,Yes,111.74,0.02,2398.88364104766
Vishakhapatnam,2,1757,2003,Yes,174.85,0.1,9951.622083096187
Bangalore,5,2043,2009,No,225.43,0.11,11034.263338228096
Mangalore,5,1321,2009,Yes,289.59,0.22,21922.028766086296
Faridabad,4,4209,2014,Yes,296.54,0.07,7045.378949869329
Durgapur,2,4724,2023,Yes,489.17,0.1,10354.995766299746
Nagpur,1,4855,2008,Yes,455.91,0.09,9390.525231719876
Cuttack,2,994,1992,Yes,330.59,0.33,33258.551307847076
Noida,1,3826,2010,No,281.5,0.07,7357.5535807631995
Coimbatore,3,3873,2004,Yes,438.7,0.11,11327.136586625355
Mangalore,3,4796,2017,No,364.67,0.08,7603.628023352794
Patna,2,1393,2022,No,59.71,0.04,4286.43216080402
Coimbatore,3,1692,1997,Yes,136.07,0.08,8041.962174940898
Chennai,3,1882,2005,No,321.0,0.17,17056.323060573857
Amritsar,5,3029,2019,Yes,423.52,0.14,13982.172334103665
New Delhi,3,1912,1995,Yes,98.05,0.05,5128.138075313807
Gaya,4,651,1995,No,158.18,0.24,24298.00307219662
Gurgaon,2,2367,1997,Yes,96.84,0.04,4091.254752851711
Noida,1,4349,1994,No,296.8,0.07,6824.557369510232
Lucknow,5,2791,2017,No,258.02,0.09,9244.715155858115
Patna,1,742,2019,No,297.64,0.4,40113.20754716981
Trivandrum,3,2647,1992,Yes,191.27,0.07,7225.916131469588
Gaya,4,2115,2015,Yes,228.64,0.11,10810.401891252955
Bhubaneswar,1,4188,2010,Yes,86.18,0.02,2057.7841451766953
Dehradun,4,2509,2020,No,299.5,0.12,11937.026703866082
Faridabad,1,4331,2007,No,93.89,0.02,2167.8596167166934
Bhubaneswar,4,2535,2014,Yes,168.35,0.07,6641.025641025641
Ludhiana,5,2422,1991,No,481.1,0.2,19863.74896779521
Jaipur,4,4133,1996,No,101.94,0.02,2466.4892330026614
Gaya,2,3328,2007,Yes,162.04,0.05,4868.990384615385
Indore,3,1749,2004,No,432.37,0.25,24720.983419096625
Ahmedabad,3,3744,1992,No,20.3,0.01,542.2008547008547
Indore,5,2013,2002,Yes,311.67,0.15,15482.861400894188
Silchar,4,2425,2008,No,270.24,0.11,11143.917525773197
Guwahati,3,4669,2011,No,309.93,0.07,6638.038123795245
Patna,1,1479,2023,Yes,140.76,0.1,9517.241379310344
Kochi,2,4381,2019,No,62.57,0.01,1428.2127368180782
Dwarka,3,4713,1990,Yes,308.43,0.07,6544.239338001273
Dehradun,4,4649,1992,Yes,126.47,0.03,2720.3699720369973
Hyderabad,3,1686,2011,No,96.14,0.06,5702.253855278766
Haridwar,4,3641,2004,Yes,342.06,0.09,9394.671793463334
Kolkata,5,790,2009,Yes,60.83,0.08,7700.0
Ranchi,3,2160,2003,Yes,307.83,0.14,14251.388888888889
Surat,5,1696,2007,No,131.05,0.08,7727.004716981133
Surat,1,1172,2019,Yes,319.41,0.27,27253.41296928328
Bhopal,1,2819,2022,Yes,310.82,0.11,11025.895707697766
Hyderabad,2,3198,2017,Yes,315.5,0.1,9865.54096310194
Chennai,1,3441,2019,Yes,254.15,0.07,7385.934321418193
Hyderabad,2,1304,2000,No,89.81,0.07,6887.269938650306
Coimbatore,5,4492,2019,Yes,48.57,0.01,1081.2555654496884
Jodhpur,3,517,2004,Yes,227.95,0.44,44090.90909090909
Silchar,4,1612,2005,No,276.73,0.17,17166.873449131515
Guwahati,1,3681,2009,No,104.99,0.03,2852.214072262972
Ludhiana,4,2430,2019,Yes,424.71,0.17,17477.777777777777
Coimbatore,5,1556,1995,No,34.08,0.02,2190.2313624678663
Jamshedpur,5,838,2015,Yes,215.21,0.26,25681.384248210023
Ahmedabad,3,1479,1995,No,20.22,0.01,1367.1399594320487
Lucknow,2,2800,2000,Yes,200.28,0.07,7152.857142857143
Ahmedabad,3,1005,1995,No,359.89,0.36,35809.95024875622
Chennai,5,2313,1993,Yes,293.64,0.13,12695.20103761349
Bhubaneswar,1,4976,1998,Yes,62.62,0.01,1258.4405144694533
Dwarka,3,3189,2009,No,296.71,0.09,9304.170586390717
Coimbatore,1,4418,2022,No,416.57,0.09,9428.927116342236
Bangalore,3,1594,1996,Yes,35.55,0.02,2230.238393977415
Surat,2,1008,1995,Yes,106.74,0.11,10589.285714285714
Mysore,5,1901,1993,No,479.98,0.25,25248.81641241452
Pune,5,2705,2021,No,379.87,0.14,14043.253234750462
Ahmedabad,5,1451,1992,Yes,140.3,0.1,9669.193659545143
Coimbatore,4,591,2007,No,393.78,0.67,66629.44162436549
Bhubaneswar,4,1673,1997,Yes,53.92,0.03,3222.952779438135
Raipur,4,3170,2023,Yes,397.91,0.13,12552.36593059937
Pune,2,1250,2003,No,201.66,0.16,16132.8
Mangalore,5,2500,2021,Yes,432.14,0.17,17285.6
Kolkata,3,4970,2010,Yes,421.64,0.08,8483.702213279677
Noida,5,1956,2017,No,239.65,0.12,12252.044989775051
Noida,3,1619,2009,Yes,25.59,0.02,1580.605311920939
Bhubaneswar,4,1989,2011,Yes,398.73,0.2,20046.757164404222
Bhopal,4,3825,1996,Yes,195.28,0.05,5105.359477124183
Jaipur,4,3298,2015,Yes,136.27,0.04,4131.898120072772
Surat,3,2926,2014,Yes,147.4,0.05,5037.5939849624065
Bhopal,5,1593,2011,Yes,94.01,0.06,5901.443816698054
Guwahati,1,903,1990,No,445.2,0.49,49302.32558139535
Ahmedabad,2,1834,2000,No,423.58,0.23,23095.96510359869
Patna,4,969,2011,Yes,444.97,0.46,45920.536635706914
Dehradun,5,3954,2006,Yes,271.96,0.07,6878.09812847749
Ludhiana,4,4340,2020,Yes,333.35,0.08,7680.875576036868
Vijayawada,5,2125,2017,No,30.15,0.01,1418.8235294117646
Gurgaon,5,712,1992,Yes,100.31,0.14,14088.483146067416
Jamshedpur,1,1992,2013,Yes,340.34,0.17,17085.34136546185
Raipur,1,4348,2002,Yes,239.45,0.06,5507.129714811407
Indore,1,900,1995,No,138.54,0.15,15393.333333333334
Bhubaneswar,5,3654,2023,Yes,400.09,0.11,10949.37055281883
Noida,4,3766,2008,Yes,365.28,0.1,9699.415825809878
Bhubaneswar,3,605,2011,Yes,163.47,0.27,27019.834710743802
Pune,3,1077,1996,No,46.75,0.04,4340.761374187558
Trivandrum,5,1764,1992,Yes,65.48,0.04,3712.018140589569
Gaya,4,3696,2023,No,355.69,0.1,9623.647186147185
Coimbatore,2,3512,1998,No,391.61,0.11,11150.626423690204
Vijayawada,3,904,1993,Yes,258.31,0.29,28574.11504424779
Dehradun,3,4936,1991,No,411.79,0.08,8342.585089141005
Durgapur,4,2788,1995,No,189.99,0.07,6814.562410329986
Faridabad,3,3653,1993,No,293.69,0.08,8039.693402682727
Amritsar,4,1070,1993,Yes,124.49,0.12,11634.579439252337
Ludhiana,5,1837,1992,No,275.19,0.15,14980.402830702233
Cuttack,4,2287,2022,Yes,31.1,0.01,1359.860078705728
Ranchi,1,2782,2009,No,49.62,0.02,1783.6089144500359
Indore,5,1759,2015,Yes,397.2,0.23,22581.011938601478
Kolkata,2,4816,2007,No,217.13,0.05,4508.513289036545
Durgapur,5,4371,2011,Yes,417.64,0.1,9554.792953557539
Trivandrum,5,2145,1997,No,486.71,0.23,22690.44289044289
Coimbatore,5,4324,1999,Yes,333.81,0.08,7719.935245143386
Nagpur,4,1050,2003,Yes,232.56,0.22,22148.571428571428
Guwahati,5,1991,2018,No,418.64,0.21,21026.61978905073
Bilaspur,2,4956,2015,No,34.27,0.01,691.4850686037128
Indore,4,4348,1990,No,239.48,0.06,5507.819687212512
Gaya,2,1983,2011,No,459.91,0.23,23192.637418053455
Haridwar,3,3268,1991,No,416.35,0.13,12740.208078335374
Amritsar,5,1052,1997,No,190.13,0.18,18073.19391634981
New Delhi,3,2600,2013,No,205.15,0.08,7890.384615384615
Ludhiana,1,2069,2016,No,75.12,0.04,3630.7394876752055
Bhopal,2,1779,2002,Yes,158.34,0.09,8900.505902192243
Hyderabad,3,4607,2004,Yes,287.71,0.06,6245.061862383329
Ahmedabad,2,1424,2001,No,229.98,0.16,16150.280898876405
Warangal,2,4239,2022,No,71.74,0.02,1692.3802783675394
Haridwar,4,1480,2008,No,489.8,0.33,33094.59459459459
Durgapur,2,1223,2021,Yes,313.44,0.26,25628.781684382666
Noida,4,2604,2007,No,68.75,0.03,2640.168970814132
Patna,5,1937,2012,Yes,246.23,0.13,12711.925658234382
Kochi,1,2081,2004,No,421.84,0.2,20271.023546371936
Lucknow,5,4301,1997,Yes,229.98,0.05,5347.128574750058
Kochi,2,3732,2009,Yes,413.29,0.11,11074.22293676313
Cuttack,4,857,1997,Yes,294.7,0.34,34387.39789964994
Bhubaneswar,4,2501,2016,Yes,297.33,0.12,11888.444622151139
Silchar,4,865,2022,Yes,250.56,0.29,28966.473988439306
Patna,5,2435,2017,No,266.25,0.11,10934.29158110883
Surat,4,2161,2001,No,354.32,0.16,16396.112910689495
Lucknow,3,1019,1990,Yes,469.79,0.46,46103.04219823356
Bilaspur,4,3396,1990,No,421.54,0.12,12412.83863368669
Jaipur,2,3531,2023,No,107.07,0.03,3032.285471537808
Guwahati,1,4485,1996,Yes,74.43,0.02,1659.5317725752511
Surat,3,4088,2011,Yes,243.29,0.06,5951.320939334638
Lucknow,1,2573,1991,Yes,292.57,0.11,11370.773416245627
Jodhpur,2,983,1990,Yes,416.95,0.42,42416.073245167856
Jamshedpur,4,1206,2008,Yes,252.74,0.21,20956.88225538972
Gaya,1,3450,2005,Yes,56.39,0.02,1634.4927536231885
Silchar,3,4908,2002,Yes,150.44,0.03,3065.19967400163
Bangalore,4,2779,2009,Yes,351.69,0.13,12655.271680460597
Guwahati,5,1996,2018,No,10.61,0.01,531.563126252505
Bilaspur,1,4881,2014,Yes,218.46,0.04,4475.722188076214
Amritsar,2,638,2009,No,159.17,0.25,24948.275862068964
Mysore,5,4962,2020,No,171.05,0.03,3447.198710197501
Dehradun,4,977,2011,No,217.85,0.22,22297.8505629478
Ranchi,1,1620,2019,Yes,343.29,0.21,21190.74074074074
Silchar,2,1302,2004,Yes,65.66,0.05,5043.010752688172
Kochi,4,4336,2017,No,149.99,0.03,3459.178966789668
Mangalore,4,1204,2023,Yes,25.95,0.02,2155.3156146179404
Vishakhapatnam,4,2054,1994,Yes,348.13,0.17,16948.88023369036
Jodhpur,1,2798,2001,No,459.88,0.16,16436.02573266619
Dehradun,5,535,2016,No,341.32,0.64,63798.13084112149
Bilaspur,5,1532,1995,No,448.26,0.29,29259.791122715404
Jaipur,2,4240,1995,Yes,418.23,0.1,9863.915094339623
Guwahati,4,1719,2013,No,37.62,0.02,2188.48167539267
Coimbatore,1,1610,2007,Yes,349.46,0.22,21705.5900621118
Noida,5,839,1999,No,33.56,0.04,4000.0
Patna,4,2752,2009,Yes,480.44,0.17,17457.8488372093
Bangalore,5,3972,2022,No,263.08,0.07,6623.363544813696
Mysore,1,4385,2023,Yes,63.06,0.01,1438.084378563284
Ranchi,2,2991,2003,No,431.84,0.14,14437.980608492144
Mumbai,3,2696,1992,Yes,185.99,0.07,6898.738872403561
Nagpur,3,3904,2012,Yes,249.84,0.06,6399.5901639344265
Bhopal,3,2898,2018,Yes,487.2,0.17,16811.594202898552
Lucknow,4,1031,2019,No,111.98,0.11,10861.299709020368
Warangal,3,2771,2005,No,236.84,0.09,8547.094911584265
Kochi,5,2194,2019,No,118.34,0.05,5393.80127620784
Warangal,4,4845,1990,Yes,354.81,0.07,7323.219814241486
Haridwar,1,3800,1998,No,180.08,0.05,4738.9473684210525
Coimbatore,5,1647,1992,Yes,356.51,0.22,21646.02307225258
Durgapur,4,4455,2011,Yes,482.8,0.11,10837.26150392817
Silchar,5,1714,2001,No,395.59,0.23,23079.929988331387
Jodhpur,1,4437,2009,Yes,54.59,0.01,1230.335812485914
Bilaspur,4,4091,2004,Yes,315.6,0.08,7714.495233439257
Lucknow,2,3166,2009,No,442.8,0.14,13986.102337334176
Cuttack,4,1245,2015,No,445.3,0.36,35767.06827309237
Amritsar,4,707,2021,No,204.35,0.29,28903.818953323906
Gurgaon,5,2762,1992,Yes,54.26,0.02,1964.5184648805214
Durgapur,2,3534,2017,No,422.51,0.12,11955.57441992077
Chennai,2,3589,2008,No,69.08,0.02,1924.770130955698
Pune,2,835,1990,No,216.6,0.26,25940.119760479043
Faridabad,2,3263,1999,No,454.53,0.14,13929.819184799264
New Delhi,3,4663,2012,No,379.28,0.08,8133.819429551791
Gaya,4,4438,1997,No,166.14,0.04,3743.5781883731406
Gurgaon,5,4287,1991,Yes,481.13,0.11,11222.999766736646
Pune,4,2124,2010,Yes,257.6,0.12,12128.060263653486
Jaipur,4,3069,1991,Yes,160.68,0.05,5235.581622678397
Ranchi,1,4668,2019,Yes,351.55,0.08,7531.062553556127
Guwahati,3,1999,2021,No,263.19,0.13,13166.08304152076
Mangalore,1,1244,2015,No,92.58,0.07,7442.122186495177
Gaya,4,3019,1993,No,449.3,0.15,14882.41139450149
Warangal,1,4000,2015,Yes,79.53,0.02,1988.25
Mysore,5,2817,2007,No,385.98,0.14,13701.810436634718
Ranchi,4,710,2004,Yes,164.0,0.23,23098.591549295776
Ahmedabad,1,2170,1993,Yes,475.19,0.22,21898.15668202765
Guwahati,3,2299,2013,Yes,438.31,0.19,19065.245759025664
Ranchi,5,3579,2015,Yes,281.67,0.08,7870.075440067058
Dehradun,2,713,2019,No,489.2,0.69,68611.50070126227
Trivandrum,1,1475,2010,Yes,318.14,0.22,21568.813559322032
Silchar,2,4473,2004,No,363.12,0.08,8118.041582830315
Hyderabad,2,2422,2014,No,344.73,0.14,14233.278282411231
Silchar,3,2497,2004,Yes,166.25,0.07,6657.989587505006
Gurgaon,4,4089,2011,Yes,110.28,0.03,2696.991929567131
Chennai,3,3804,2005,Yes,454.85,0.12,11957.150368033648
New Delhi,1,2070,2005,Yes,198.71,0.1,9599.516908212561
Haridwar,3,4193,2015,Yes,174.56,0.04,4163.129024564751
Haridwar,5,3906,2013,Yes,283.69,0.07,7262.928827444956
Coimbatore,3,3495,1997,Yes,497.46,0.14,14233.476394849786
Jaipur,2,2110,2019,Yes,109.34,0.05,5181.990521327014
Bilaspur,5,1460,2014,No,178.17,0.12,12203.424657534246
Vishakhapatnam,4,2224,2003,Yes,400.49,0.18,18007.643884892088
Coimbatore,2,2636,1992,No,459.61,0.17,17435.88770864947
Hyderabad,4,2926,1996,No,499.29,0.17,17063.90977443609
Raipur,5,1229,2001,No,227.92,0.19,18545.158665581774
Dwarka,5,2328,2009,No,82.51,0.04,3544.243986254296
Chennai,5,4086,1998,No,172.02,0.04,4209.985315712188
Lucknow,2,3624,2013,Yes,383.93,0.11,10594.094922737308
Ahmedabad,3,1790,2001,No,254.02,0.14,14191.061452513966
Trivandrum,3,4094,2010,No,474.01,0.12,11578.163165608206
Ludhiana,4,3125,2021,No,272.72,0.09,8727.04
Gaya,1,4221,1995,No,393.58,0.09,9324.330727315803
Warangal,1,2102,2022,No,351.03,0.17,16699.809705042815
Noida,3,2032,2013,Yes,188.02,0.09,9252.952755905511
Ranchi,1,1477,1998,No,22.54,0.02,1526.0663507109005
Jodhpur,5,2284,2005,Yes,282.48,0.12,12367.775831873905
Durgapur,4,4226,2009,Yes,385.07,0.09,9111.926171320398
Raipur,4,4472,1995,Yes,188.5,0.04,4215.116279069767
Gaya,1,3498,1992,Yes,240.34,0.07,6870.783304745569
Cuttack,2,4146,1996,Yes,342.48,0.08,8260.492040520983
Cuttack,3,1988,2008,No,481.76,0.24,24233.400402414485
Vishakhapatnam,1,4074,2014,Yes,310.53,0.08,7622.238586156111
Dwarka,4,4383,2020,Yes,180.18,0.04,4110.88295687885
Hyderabad,3,1818,2009,No,358.16,0.2,19700.7700770077
Lucknow,1,3644,2016,Yes,198.77,0.05,5454.720087815587
Vijayawada,5,2877,1998,No,155.08,0.05,5390.337156760515
Chennai,3,730,2004,Yes,81.73,0.11,11195.890410958904
Noida,5,2883,1998,No,223.96,0.08,7768.296912937912
Mysore,3,1587,2002,Yes,436.4,0.27,27498.424700693133
Warangal,3,3003,1999,No,289.34,0.1,9635.031635031633
Jodhpur,3,4766,2021,Yes,293.09,0.06,6149.601342845152
Dwarka,4,2161,2010,No,127.04,0.06,5878.759833410458
Vishakhapatnam,1,991,1992,No,100.7,0.1,10161.453077699294
Surat,4,3352,2003,No,288.62,0.09,8610.381861575179
Bhubaneswar,2,2098,2006,Yes,428.11,0.2,20405.62440419447
Silchar,1,3691,2021,Yes,120.35,0.03,3260.633974532647
Jodhpur,1,1852,2003,Yes,241.4,0.13,13034.557235421167
Bhopal,3,4336,2007,Yes,86.3,0.02,1990.3136531365315
Indore,1,727,1999,No,350.17,0.48,48166.43741403026
Nagpur,1,4191,2019,Yes,452.67,0.11,10801.002147458841
Trivandrum,4,1010,2019,No,480.72,0.48,47596.039603960395
Bangalore,2,1282,1991,No,43.49,0.03,3392.355694227769
Ranchi,2,3589,2010,Yes,444.9,0.12,12396.210643633323
Hyderabad,5,4942,2003,No,278.64,0.06,5638.203156616754
Bhubaneswar,1,3357,2020,Yes,370.84,0.11,11046.767947572238
Vijayawada,1,1493,2010,Yes,352.81,0.24,23630.944407233757
Kolkata,5,880,2016,No,87.77,0.1,9973.863636363636
Hyderabad,4,1231,2013,Yes,478.15,0.39,38842.40454914703
Coimbatore,3,3587,1990,No,422.21,0.12,11770.56035684416
Dwarka,3,4927,1994,Yes,171.19,0.03,3474.5281104120154
Guwahati,1,763,2023,Yes,476.83,0.62,62494.10222804718
Ahmedabad,1,3072,1997,No,353.16,0.11,11496.09375
Chennai,1,4678,1992,Yes,243.96,0.05,5215.049166310389
Silchar,3,1208,2021,Yes,73.97,0.06,6123.3443708609275
Bhubaneswar,2,4306,2008,No,234.53,0.05,5446.586158848119
Bhubaneswar,2,4234,1999,Yes,417.9,0.1,9870.099196976855
Ludhiana,3,1491,2002,Yes,371.57,0.25,24920.858484238765
Dehradun,2,2495,2003,No,432.72,0.17,17343.486973947896
Gaya,1,1685,2020,No,27.53,0.02,1633.8278931750742
Durgapur,3,4505,2010,Yes,112.03,0.02,2486.7924528301887
Warangal,3,1073,2001,Yes,398.49,0.37,37137.93103448276
Kolkata,1,2694,2014,No,73.22,0.03,2717.8916109873794
New Delhi,1,2710,2008,No,74.14,0.03,2735.7933579335795
Jamshedpur,2,994,1998,No,269.01,0.27,27063.38028169014
Indore,3,985,2017,Yes,264.01,0.27,26803.045685279187
Silchar,3,1789,1996,Yes,60.79,0.03,3397.987702627166
Amritsar,3,3168,1996,No,68.99,0.02,2177.714646464646
Patna,3,2285,2008,No,104.57,0.05,4576.36761487965
Durgapur,5,3927,2009,No,184.88,0.05,4707.919531448943
Indore,3,4175,1993,No,158.64,0.04,3799.760479041916
Cuttack,4,1051,2015,Yes,272.27,0.26,25905.8039961941
Vijayawada,4,2512,2001,Yes,79.46,0.03,3163.216560509554
Gaya,5,3189,2002,No,261.97,0.08,8214.800878018188
Vishakhapatnam,2,3829,2018,Yes,416.76,0.11,10884.303995821363
Jaipur,1,1123,2016,No,56.84,0.05,5061.442564559216
Ranchi,1,1524,2021,No,145.77,0.1,9564.960629921261
Raipur,1,586,2015,Yes,374.93,0.64,63981.22866894198
Faridabad,4,3350,2021,Yes,17.49,0.01,522.0895522388059
Raipur,3,4636,1992,No,315.73,0.07,6810.396893874029
Jaipur,3,3956,2023,Yes,412.55,0.1,10428.463094034378
Noida,3,1385,2023,No,122.39,0.09,8836.823104693141
Guwahati,5,3781,2005,No,256.27,0.07,6777.836551176937
Haridwar,5,2779,2014,No,274.49,0.1,9877.293990644117
Gaya,4,2680,2015,Yes,405.42,0.15,15127.611940298508
Cuttack,4,3412,1995,No,37.79,0.01,1107.5615474794843
Amritsar,4,752,2009,No,192.59,0.26,25610.372340425532
Warangal,2,3021,2007,No,455.66,0.15,15083.085071168487
Raipur,2,4907,2020,Yes,51.24,0.01,1044.2225392296718
Warangal,1,4469,2008,Yes,24.75,0.01,553.8151711792348
Vishakhapatnam,2,3901,2017,No,289.35,0.07,7417.328890028199
Bhubaneswar,1,3952,2013,Yes,250.9,0.06,6348.684210526316
Bilaspur,5,1804,2013,Yes,384.5,0.21,21313.747228381373
Cuttack,4,1666,1990,No,486.5,0.29,29201.680672268907
Durgapur,4,3747,2022,No,133.88,0.04,3572.9917267147052
Indore,1,2044,1996,Yes,308.83,0.15,15109.099804305284
Jaipur,2,3051,1994,Yes,394.16,0.13,12919.042936742051
Ahmedabad,5,3880,2003,Yes,375.96,0.1,9689.690721649484
Bangalore,2,3872,1992,No,446.66,0.12,11535.640495867769
Coimbatore,4,2604,2014,Yes,318.73,0.12,12240.015360983103
Trivandrum,2,3144,2005,Yes,396.79,0.13,12620.54707379135
Mangalore,1,2191,2003,No,109.98,0.05,5019.62574167047
Ludhiana,5,2782,1998,No,216.01,0.08,7764.557872034507
Durgapur,5,3316,2013,No,397.16,0.12,11977.08082026538
Amritsar,5,2629,2014,No,421.19,0.16,16020.92050209205
Surat,4,2206,1993,Yes,391.84,0.18,17762.466001813238
Jamshedpur,5,765,2022,Yes,223.37,0.29,29198.692810457516
Amritsar,4,3866,2011,Yes,315.19,0.08,8152.871184687015
Raipur,2,4823,1995,No,184.31,0.04,3821.480406386067
Guwahati,5,3861,2009,No,272.19,0.07,7049.72804972805
Gaya,5,3439,2006,No,132.43,0.04,3850.828729281768
Raipur,3,1015,2006,No,210.26,0.21,20715.27093596059
Jaipur,1,1868,1993,No,21.95,0.01,1175.0535331905783
Kolkata,4,1173,2018,Yes,20.2,0.02,1722.080136402387
Guwahati,4,1492,2023,No,195.04,0.13,13072.386058981234
Noida,3,1199,1994,Yes,77.64,0.06,6475.396163469558
Ahmedabad,1,627,2014,Yes,44.52,0.07,7100.478468899521
Chennai,1,1418,2003,No,112.23,0.08,7914.668547249647
Hyderabad,3,4966,2000,Yes,307.18,0.06,6185.662505034233
Ranchi,5,4520,2011,Yes,298.09,0.07,6594.911504424778
Pune,4,3934,2001,No,357.57,0.09,9089.222165734622
Jodhpur,5,2974,1993,Yes,317.06,0.11,10661.062542030935
Haridwar,1,1516,1992,No,405.06,0.27,26718.997361477574
Patna,2,569,2003,No,388.97,0.68,68360.2811950791
Coimbatore,2,4086,1999,No,88.21,0.02,2158.8350465002445
Coimbatore,1,1560,1995,No,104.2,0.07,6679.48717948718
Coimbatore,5,3137,1997,No,478.39,0.15,15249.920306024864
Vijayawada,3,4689,1992,Yes,292.2,0.06,6231.605886116443
Patna,2,1645,1995,Yes,87.29,0.05,5306.382978723404
Hyderabad,2,4259,2006,Yes,302.76,0.07,7108.7109650152615
Mumbai,2,2260,2003,No,153.32,0.07,6784.070796460177
Chennai,4,4798,1994,No,144.59,0.03,3013.5473113797416
Warangal,1,3975,2021,No,382.18,0.1,9614.591194968554
Ahmedabad,4,3460,2008,Yes,296.57,0.09,8571.387283236994
Trivandrum,4,4988,2001,No,301.49,0.06,6044.306335204491
Mangalore,2,1952,1990,No,185.95,0.1,9526.127049180328
Bhopal,3,4645,2002,Yes,127.35,0.03,2741.657696447793
Amritsar,3,4685,2021,No,90.17,0.02,1924.6531483457845
Noida,1,4113,1999,No,289.98,0.07,7050.328227571116
New Delhi,1,889,2018,No,208.22,0.23,23421.822272215973
Jodhpur,4,4558,2016,Yes,225.32,0.05,4943.396226415094
Kochi,2,1330,1994,Yes,473.33,0.36,35588.721804511275
Hyderabad,4,1252,2016,Yes,267.38,0.21,21356.230031948882
Trivandrum,3,3954,1995,Yes,381.07,0.1,9637.58219524532
New Delhi,1,4826,2019,Yes,115.68,0.02,2397.0161624533775
Gaya,5,2359,2010,No,46.53,0.02,1972.4459516744382
Trivandrum,5,1379,2004,No,81.86,0.06,5936.185641769398
Bangalore,5,4304,1997,No,315.33,0.07,7326.440520446096
Cuttack,5,4723,2012,Yes,109.94,0.02,2327.757781071353
Mangalore,4,1827,2007,Yes,387.34,0.21,21200.87575259989
Patna,2,3218,2014,Yes,424.23,0.13,13183.032939714109
Vijayawada,4,4418,2007,No,126.28,0.03,2858.306926210955
Haridwar,1,1984,2014,Yes,219.44,0.11,11060.483870967742
Dwarka,4,3640,2017,No,419.66,0.12,11529.12087912088
Durgapur,1,1275,2011,No,68.17,0.05,5346.666666666667
Bilaspur,4,4657,2000,Yes,364.12,0.08,7818.767446854198
Chennai,1,4754,2001,No,44.15,0.01,928.6916281026504
Gurgaon,4,4321,1999,No,169.57,0.04,3924.3230733626474
Raipur,2,3350,2018,No,20.49,0.01,611.641791044776
Amritsar,5,4290,2009,Yes,142.03,0.03,3310.7226107226106
Vijayawada,3,4547,2004,Yes,155.47,0.03,3419.1774796569166
Ludhiana,5,1566,2019,Yes,489.68,0.31,31269.476372924648
Jodhpur,2,4144,2016,No,413.63,0.1,9981.418918918918
Durgapur,4,2014,1999,No,133.16,0.07,6611.717974180735
Lucknow,3,3264,2023,Yes,23.19,0.01,710.4779411764706
Bhopal,5,2757,2002,Yes,450.99,0.16,16357.997823721436
Pune,2,4071,2021,No,119.14,0.03,2926.553672316384
Kolkata,4,3835,2016,No,462.11,0.12,12049.80443285528
Bilaspur,3,1011,2008,Yes,139.04,0.14,13752.720079129575
Kochi,1,3952,1996,Yes,260.1,0.07,6581.4777327935235
Haridwar,1,4736,1991,Yes,429.06,0.09,9059.543918918918
Gurgaon,2,2174,2010,Yes,359.52,0.17,16537.258509659612
Ranchi,5,559,2010,No,319.9,0.57,57227.19141323792
Dwarka,5,4643,1990,No,401.44,0.09,8646.133965108766
Bhopal,5,4429,1999,Yes,212.54,0.05,4798.825920072251
Warangal,4,3442,2011,No,469.06,0.14,13627.54212667054
Ludhiana,4,2281,2014,Yes,27.91,0.01,1223.5861464270056
Vishakhapatnam,3,1908,2000,No,445.22,0.23,23334.381551362683
Ludhiana,5,1623,2005,No,246.44,0.15,15184.22674060382
Ahmedabad,4,4774,2009,No,213.49,0.04,4471.93129451194
Bhubaneswar,4,1105,2022,No,133.91,0.12,12118.552036199095
Chennai,1,1562,1993,No,141.36,0.09,9049.935979513446
Bhubaneswar,3,2023,2007,Yes,156.98,0.08,7759.762728620859
Silchar,5,2163,1996,No,297.68,0.14,13762.367082755432
Dwarka,1,2062,1995,Yes,159.48,0.08,7734.238603297768
Pune,3,651,1998,Yes,102.08,0.16,15680.491551459294
Bhopal,1,4822,2020,Yes,127.0,0.03,2633.7619245126502
Cuttack,4,2102,2011,No,36.9,0.02,1755.4709800190294
Lucknow,2,3218,2014,No,63.95,0.02,1987.2591671845867
Raipur,5,2662,2010,Yes,477.79,0.18,17948.534936138243
Amritsar,5,2342,1999,Yes,68.2,0.03,2912.0409906063196
Cuttack,4,750,2001,No,294.08,0.39,39210.666666666664
Vishakhapatnam,5,2693,1995,Yes,237.88,0.09,8833.271444485703
Ahmedabad,3,4394,1997,No,414.5,0.09,9433.318161128813
Haridwar,1,4278,1995,Yes,210.85,0.05,4928.7050023375405
Bhubaneswar,3,3861,1997,Yes,193.17,0.05,5003.108003108003
Mangalore,5,795,2023,Yes,128.63,0.16,16179.874213836478
Mangalore,5,2079,2006,Yes,89.96,0.04,4327.080327080327
Kolkata,1,1807,1992,Yes,391.72,0.22,21677.91920309906
Guwahati,5,3371,1992,Yes,114.99,0.03,3411.1539602491844
Chennai,3,1701,2006,Yes,296.07,0.17,17405.643738977073
Bhubaneswar,4,3989,1990,Yes,119.75,0.03,3002.0055151667084
Trivandrum,2,765,1995,Yes,176.48,0.23,23069.281045751635
Hyderabad,4,4964,2021,Yes,383.61,0.08,7727.840451248992
Bangalore,2,4262,2019,Yes,130.41,0.03,3059.8310652275927
Haridwar,1,4699,1999,No,448.39,0.1,9542.243030432006
Amritsar,2,4412,1990,No,425.94,0.1,9654.125113327289
Chennai,2,4455,2019,Yes,372.91,0.08,8370.594837261504
Vishakhapatnam,5,1754,2012,Yes,407.34,0.23,23223.489167616877
Faridabad,5,2395,1996,Yes,286.92,0.12,11979.958246346556
Lucknow,5,1632,2001,Yes,300.75,0.18,18428.308823529413
Haridwar,2,3735,1990,Yes,148.71,0.04,3981.5261044176705
Cuttack,2,3732,2012,Yes,263.84,0.07,7069.667738478027
Bilaspur,5,2407,2013,No,45.19,0.02,1877.4407976734524
Warangal,5,1354,2020,Yes,157.7,0.12,11646.971935007385
Mumbai,4,2502,1991,No,255.22,0.1,10200.639488409273
Dehradun,4,2522,2011,Yes,299.05,0.12,11857.652656621729
Ludhiana,3,2940,2021,No,437.78,0.15,14890.47619047619
Ludhiana,3,3872,2022,No,449.62,0.12,11612.086776859504
Chennai,2,3509,2003,Yes,31.29,0.01,891.7070390424623
Kolkata,4,2538,2004,Yes,453.01,0.18,17849.09377462569
Cuttack,3,1207,2006,Yes,486.74,0.4,40326.42916321458
Vijayawada,3,4437,2017,No,366.06,0.08,8250.169033130494
Dwarka,4,538,2020,No,386.71,0.72,71879.18215613383
Durgapur,2,1212,2007,Yes,270.66,0.22,22331.683168316835
Guwahati,3,2525,2010,No,296.9,0.12,11758.415841584158
Mysore,5,538,2019,No,452.6,0.84,84126.3940520446
Faridabad,3,1453,2022,No,162.02,0.11,11150.722642807985
Jaipur,4,2345,2006,No,279.78,0.12,11930.916844349678
Warangal,2,824,2016,Yes,394.2,0.48,47839.80582524272
Gurgaon,1,670,2004,No,18.39,0.03,2744.776119402985
Haridwar,2,2175,2021,Yes,459.78,0.21,21139.310344827587
Cuttack,1,2026,2018,No,152.86,0.08,7544.916090819349
Faridabad,5,4168,2017,No,81.56,0.02,1956.813819577735
Bangalore,3,2049,1992,No,34.37,0.02,1677.4036115178133
Gaya,1,4972,2011,No,485.98,0.1,9774.336283185841
Noida,5,1320,1993,No,172.55,0.13,13071.969696969696
Bhubaneswar,1,1481,1992,No,362.45,0.24,24473.328831870356
Bilaspur,2,676,2023,No,388.22,0.57,57428.99408284024
Noida,3,1721,2020,No,233.67,0.14,13577.571179546776
Jamshedpur,5,1915,2022,No,363.13,0.19,18962.402088772847
Lucknow,5,2750,1998,No,57.27,0.02,2082.5454545454545
Mysore,2,4110,2004,No,191.73,0.05,4664.963503649635
Jaipur,1,1274,2018,Yes,185.82,0.15,14585.557299843014
Bangalore,5,4600,1994,No,183.97,0.04,3999.3478260869565
Jamshedpur,3,3645,1997,Yes,86.54,0.02,2374.211248285322
Dehradun,2,2438,1995,No,100.28,0.04,4113.207547169812
Jodhpur,1,3322,1991,No,252.48,0.08,7600.2408187838655
Vijayawada,4,2716,2017,No,390.61,0.14,14381.811487481591
Dehradun,2,1768,2005,Yes,318.84,0.18,18033.93665158371
Bilaspur,5,573,2011,Yes,187.95,0.33,32801.04712041885
Guwahati,5,3181,2003,Yes,396.09,0.12,12451.744734360263
Mumbai,3,2450,2008,No,106.12,0.04,4331.428571428572
Pune,4,4333,2008,Yes,55.13,0.01,1272.3286406646664
Trivandrum,4,2458,1995,Yes,438.67,0.18,17846.623270951994
Amritsar,5,4768,1997,Yes,143.19,0.03,3003.1459731543623
Silchar,5,802,2016,Yes,380.57,0.47,47452.61845386534
Cuttack,5,2523,2002,No,215.29,0.09,8533.095521204914
Haridwar,3,2352,1999,Yes,153.01,0.07,6505.527210884354
Mumbai,5,2385,2007,No,118.42,0.05,4965.199161425577
Guwahati,5,3286,2015,Yes,57.71,0.02,1756.238587948874
Jamshedpur,2,1101,2015,Yes,96.09,0.09,8727.520435967303
Jamshedpur,3,1552,2023,Yes,323.92,0.21,20871.134020618556
Bangalore,1,3834,2022,Yes,187.32,0.05,4885.758998435055
Dehradun,5,4324,1991,Yes,183.65,0.04,4247.224791859389
Bhopal,1,4843,2023,No,401.68,0.08,8294.03262440636
Trivandrum,2,2171,2005,Yes,116.66,0.05,5373.560571165362
Gaya,4,4674,2018,No,306.69,0.07,6561.617458279846
Silchar,3,4696,1992,No,146.28,0.03,3114.991482112436
Noida,1,3943,2006,No,288.79,0.07,7324.118691351763
Pune,5,785,1997,No,432.67,0.55,55117.1974522293
Durgapur,3,3016,1992,No,378.47,0.13,12548.740053050398
Vishakhapatnam,5,2791,2018,No,305.2,0.11,10935.14869222501
Faridabad,5,1750,2016,Yes,245.7,0.14,14040.0
Kochi,2,4140,2000,No,161.88,0.04,3910.144927536232
Noida,4,903,2016,No,307.33,0.34,34034.3300110742
Noida,5,1148,1996,No,64.56,0.06,5623.6933797909405
Haridwar,1,813,2023,Yes,499.12,0.61,61392.37392373924
Silchar,5,3422,1997,No,98.0,0.03,2863.8223261250732
Gurgaon,5,688,1990,No,361.49,0.53,52542.151162790695
Warangal,5,1730,1999,Yes,234.6,0.14,13560.693641618496
Nagpur,1,3205,2013,Yes,347.83,0.11,10852.730109204369
Ranchi,4,1015,1996,Yes,258.78,0.25,25495.56650246305
Lucknow,2,2761,1992,No,283.36,0.1,10262.948207171316
Ranchi,5,2500,2008,Yes,208.1,0.08,8324.0
Hyderabad,2,3053,2019,Yes,17.95,0.01,587.9462823452342
Ahmedabad,4,526,2010,No,499.06,0.95,94878.32699619772
Gaya,1,859,2001,Yes,481.45,0.56,56047.7299185099
Trivandrum,2,4441,2016,Yes,414.1,0.09,9324.47646926368
Silchar,5,940,2011,No,469.1,0.5,49904.255319148935
Jamshedpur,2,3659,2005,Yes,471.17,0.13,12877.015578026783
Nagpur,1,3383,1991,Yes,100.54,0.03,2971.918415607449
Jaipur,2,4975,1995,Yes,61.9,0.01,1244.2211055276382
Jamshedpur,2,1378,1998,No,107.52,0.08,7802.612481857765
New Delhi,3,1333,2006,Yes,336.75,0.25,25262.565641410354
Patna,5,2620,1998,No,498.9,0.19,19041.98473282443
Chennai,3,3660,1992,Yes,345.83,0.09,9448.907103825137
Ludhiana,5,4246,2015,Yes,77.42,0.02,1823.3631653320772
Gurgaon,4,1251,2022,Yes,141.63,0.11,11321.342925659472
Lucknow,5,1584,2006,No,84.06,0.05,5306.818181818182
Jaipur,1,2382,1993,Yes,412.36,0.17,17311.50293870697
Vishakhapatnam,4,1902,2000,No,197.92,0.1,10405.888538380652
Mumbai,3,4779,2012,No,30.52,0.01,638.6273278928646
Cuttack,1,1702,2002,No,177.48,0.1,10427.732079905993
Chennai,3,3921,2009,Yes,469.1,0.12,11963.784748788574
Patna,4,3139,2012,No,366.39,0.12,11672.18859509398
Noida,5,4593,2001,No,77.59,0.02,1689.3098192902241
Indore,4,4074,2007,Yes,69.63,0.02,1709.1310751104565
Surat,4,886,2012,No,72.29,0.08,8159.142212189618
Patna,4,2506,1992,Yes,54.18,0.02,2162.0111731843576
Noida,2,1320,2008,No,430.63,0.33,32623.484848484848
Kolkata,5,2968,2019,Yes,321.45,0.11,10830.525606469002
Vishakhapatnam,1,3101,1998,No,18.02,0.01,581.102870041922
Mangalore,2,4252,2002,No,498.74,0.12,11729.539040451553
Ranchi,1,3465,1993,No,65.45,0.02,1888.888888888889
Noida,5,564,2005,Yes,412.46,0.73,73131.20567375887
Cuttack,4,4320,2002,Yes,159.69,0.04,3696.527777777778
Durgapur,4,2321,2007,Yes,174.96,0.08,7538.130116329168
Guwahati,2,4473,1998,No,392.16,0.09,8767.270288397049
Mumbai,3,4847,2008,No,66.37,0.01,1369.3005983082319
Dehradun,1,1184,2022,No,272.97,0.23,23054.89864864865
Indore,1,4307,1995,No,418.06,0.1,9706.524262827954
Warangal,2,1738,2012,No,247.91,0.14,14264.09666283084
Amritsar,2,1612,1996,No,148.9,0.09,9236.97270471464
Jodhpur,3,770,2023,Yes,452.08,0.59,58711.68831168831
New Delhi,4,2901,2002,No,498.57,0.17,17186.14270941055
New Delhi,3,3491,1999,No,34.0,0.01,973.93297049556
Chennai,2,3185,2011,No,270.92,0.09,8506.122448979591
Jamshedpur,1,4792,2015,No,336.32,0.07,7018.363939899833
Jaipur,3,3951,2023,Yes,113.86,0.03,2881.8020754239433
Bhubaneswar,3,1263,2015,Yes,156.39,0.12,12382.422802850355
Warangal,4,1346,2017,No,260.94,0.19,19386.32986627043
Faridabad,2,2727,2017,No,372.7,0.14,13667.033370003666
Kolkata,2,2709,1990,Yes,32.4,0.01,1196.0132890365448
Mysore,3,2522,2002,Yes,215.64,0.09,8550.35685963521
Noida,2,1913,2008,Yes,169.39,0.09,8854.678515420805
Guwahati,2,2909,2021,Yes,203.84,0.07,7007.218975592988
Pune,5,2237,2000,No,365.23,0.16,16326.776933392937
Raipur,4,4744,2019,Yes,444.64,0.09,9372.681281618887
Mysore,1,1254,1998,No,286.47,0.23,22844.497607655507
Dehradun,1,3139,2021,Yes,479.26,0.15,15267.919719655942
Dehradun,1,4922,1997,Yes,189.49,0.04,3849.857781389679
Indore,1,1901,2016,No,155.3,0.08,8169.38453445555
Noida,3,4221,1990,Yes,346.89,0.08,8218.1947405828
Dwarka,1,2646,2000,Yes,143.43,0.05,5420.6349206349205
Trivandrum,5,579,2010,No,496.97,0.86,85832.46977547495
Indore,3,1386,2019,No,113.24,0.08,8170.2741702741705
Silchar,4,3253,2005,No,24.27,0.01,746.0805410390409
Mysore,5,1145,1995,Yes,477.05,0.42,41663.75545851528
Ranchi,5,3912,1995,Yes,27.22,0.01,695.8077709611451
Durgapur,2,949,2009,Yes,360.74,0.38,38012.644889357216
Dehradun,3,4167,2002,Yes,316.81,0.08,7602.831773458123
New Delhi,5,2015,2019,Yes,105.42,0.05,5231.761786600497
Jaipur,2,3944,2019,No,462.0,0.12,11713.995943204869
Gaya,2,1873,2000,No,441.88,0.24,23592.098238120663
Guwahati,4,2137,2016,No,206.64,0.1,9669.630322882545
Gaya,3,4183,2009,No,420.49,0.1,10052.354769304327
Surat,2,4703,1994,Yes,33.97,0.01,722.304911758452
Bilaspur,5,3795,2010,No,437.04,0.12,11516.205533596838
Jodhpur,1,3772,1993,No,422.0,0.11,11187.698833510074
Coimbatore,4,1746,2023,Yes,238.88,0.14,13681.5578465063
Ranchi,2,2502,1998,Yes,276.49,0.11,11050.759392486012
Mysore,1,3393,2019,No,281.38,0.08,8292.956086059534
Mumbai,1,1668,2005,Yes,130.42,0.08,7818.9448441247
Mangalore,1,2270,1993,Yes,455.75,0.2,20077.092511013216
Lucknow,2,2318,2009,Yes,436.0,0.19,18809.318377911994
Durgapur,1,3769,1996,No,102.82,0.03,2728.0445741576013
Pune,3,3244,2017,Yes,248.75,0.08,7668.002466091245
Dehradun,4,1881,2014,No,385.55,0.2,20497.07602339181
Trivandrum,4,2735,2007,No,428.87,0.16,15680.804387568556
Jamshedpur,5,624,1990,No,444.53,0.71,71238.78205128205
Raipur,1,1464,2023,Yes,272.37,0.19,18604.508196721312
Nagpur,2,4558,1995,Yes,134.21,0.03,2944.493198771391
Bhubaneswar,4,4950,2001,Yes,112.72,0.02,2277.1717171717173
Ranchi,1,3240,1996,Yes,79.1,0.02,2441.3580246913575
Coimbatore,4,864,2010,No,295.17,0.34,34163.194444444445
Jamshedpur,4,3767,2017,No,145.27,0.04,3856.38439076188
Cuttack,4,2340,2021,Yes,411.45,0.18,17583.333333333332
Gurgaon,5,4785,1991,Yes,488.29,0.1,10204.597701149425
Noida,1,2408,2008,Yes,59.26,0.02,2460.9634551495014
Kochi,5,4885,1992,Yes,497.06,0.1,10175.230296827021
Ahmedabad,3,2404,2022,No,372.9,0.16,15511.647254575708
Kochi,1,3564,2007,Yes,60.4,0.02,1694.7250280583614
Hyderabad,5,2957,2006,No,350.28,0.12,11845.789651673995
Trivandrum,1,3350,2015,Yes,162.33,0.05,4845.671641791046
Bilaspur,1,1082,2010,Yes,90.22,0.08,8338.262476894639
Durgapur,4,2960,1995,Yes,279.46,0.09,9441.216216216215
Trivandrum,3,3644,2002,No,82.65,0.02,2268.1119648737654
New Delhi,2,3564,2007,Yes,130.49,0.04,3661.335578002245
Mumbai,1,4155,2023,Yes,402.01,0.1,9675.330926594464
Kochi,5,2567,2001,Yes,237.04,0.09,9234.125438254772
Kolkata,4,4362,2001,No,427.19,0.1,9793.443374598808
Kolkata,4,2377,2014,No,144.31,0.06,6071.0980227177115
New Delhi,2,2686,2003,No,194.99,0.07,7259.493670886076
Dwarka,2,3624,2002,Yes,104.77,0.03,2891.0044150110375
Bhopal,5,2352,2016,Yes,485.57,0.21,20644.982993197278
Bhubaneswar,1,3848,2012,Yes,398.27,0.1,10350.051975051974
Faridabad,3,4272,2005,Yes,148.13,0.03,3467.4625468164795
Ludhiana,5,2688,2010,Yes,207.05,0.08,7702.752976190476
Vijayawada,5,1778,1995,Yes,62.52,0.04,3516.310461192351
Hyderabad,2,4306,2009,Yes,317.3,0.07,7368.787738039944
Surat,5,1229,2009,Yes,153.83,0.13,12516.680227827503
Mumbai,3,2942,2000,No,471.75,0.16,16035.0101971448
Pune,4,2553,2009,No,90.75,0.04,3554.641598119859
Mumbai,5,1427,2023,Yes,297.58,0.21,20853.53889278206
Jamshedpur,1,2746,2017,No,166.03,0.06,6046.2490895848505
Ludhiana,2,1271,1995,No,169.19,0.13,13311.565696302125
Bilaspur,1,4343,1993,Yes,220.4,0.05,5074.833064701819
Trivandrum,1,2997,1998,Yes,374.6,0.12,12499.165832499166
Raipur,4,3620,1991,Yes,405.24,0.11,11194.475138121546
Gurgaon,3,2471,2008,No,403.82,0.16,16342.37150951032
Bilaspur,3,2489,2021,No,69.43,0.03,2789.4736842105267
Jodhpur,1,3490,1995,No,293.97,0.08,8423.209169054442
Bhubaneswar,2,3013,1994,No,79.91,0.03,2652.1739130434785
Bilaspur,3,785,2009,No,143.24,0.18,18247.133757961783
Gurgaon,4,2368,2007,Yes,475.44,0.2,20077.702702702703
Jamshedpur,5,2428,1995,No,174.47,0.07,7185.749588138386
Lucknow,4,4541,2003,No,447.9,0.1,9863.466196872936
Jodhpur,2,3642,2003,No,372.61,0.1,10230.91707852828
Dwarka,4,4643,2007,No,435.31,0.09,9375.619211716563
Dwarka,5,2978,2023,Yes,166.4,0.06,5587.642713230356
Mysore,1,727,1993,Yes,313.49,0.43,43121.04539202201
Hyderabad,3,2215,2022,Yes,65.05,0.03,2936.7945823927766
Guwahati,2,2107,2014,No,442.41,0.21,20997.15234931182
Haridwar,4,2227,2023,Yes,413.02,0.19,18546.02604400539
Trivandrum,1,2958,2022,No,369.5,0.12,12491.54834347532
Bhopal,3,1864,1998,No,436.38,0.23,23410.944206008582
Raipur,5,1749,1998,Yes,213.54,0.12,12209.26243567753
Chennai,5,4989,1994,Yes,122.49,0.02,2455.201443174985
Kochi,4,4232,2002,Yes,198.59,0.05,4692.580340264651
Ahmedabad,3,4641,1998,Yes,482.66,0.1,10399.913811678518
Faridabad,4,3353,2016,Yes,246.33,0.07,7346.555323590815
Silchar,4,3777,2016,Yes,93.52,0.02,2476.039184537993
Nagpur,5,2683,2017,Yes,196.45,0.07,7322.0275810659705
Surat,3,4596,1995,No,190.64,0.04,4147.954743255004
Mysore,4,3764,2015,No,45.97,0.01,1221.3071200850159
Warangal,4,3256,2019,No,72.99,0.02,2241.7076167076166
Jodhpur,2,4472,2021,Yes,427.85,0.1,9567.307692307691
Cuttack,2,1100,2007,No,228.33,0.21,20757.272727272728
Guwahati,4,567,2008,No,267.63,0.47,47201.0582010582
Pune,5,3114,2001,Yes,228.68,0.07,7343.609505459216
Jodhpur,1,4196,1994,Yes,493.99,0.12,11772.878932316491
Vishakhapatnam,1,3972,2021,No,225.86,0.06,5686.304128902316
Raipur,1,1127,1990,Yes,139.67,0.12,12393.078970718721
Ludhiana,2,4266,1996,No,375.69,0.09,8806.610407876231
Faridabad,2,4021,1999,No,219.07,0.05,5448.147227057946
Vishakhapatnam,4,2882,2016,No,113.7,0.04,3945.176960444136
Warangal,5,4534,2022,Yes,43.45,0.01,958.3149536832818
Ludhiana,2,2778,2020,Yes,77.29,0.03,2782.217422606192
Ludhiana,3,1674,2001,No,255.16,0.15,15242.53285543608
Durgapur,1,1134,1995,Yes,265.11,0.23,23378.306878306877
Faridabad,5,1408,2005,Yes,189.98,0.13,13492.897727272728
Ranchi,3,1877,2007,Yes,115.54,0.06,6155.567394778903
Kochi,3,2856,2007,No,279.35,0.1,9781.162464985995
Vishakhapatnam,2,2411,2000,Yes,486.04,0.2,20159.27001244297
Pune,1,2994,2011,Yes,331.72,0.11,11079.492317969272
Vijayawada,4,2053,2011,No,475.17,0.23,23145.153433999025
Dehradun,4,2902,2005,Yes,26.07,0.01,898.3459682977257
Ludhiana,5,2905,2013,Yes,392.16,0.13,13499.48364888124
Patna,1,3220,2002,No,473.25,0.15,14697.2049689441
Guwahati,5,1512,2014,No,215.15,0.14,14229.497354497355
Silchar,3,690,2009,Yes,161.94,0.23,23469.565217391304
Jodhpur,1,4550,2007,No,159.33,0.04,3501.758241758242
Vijayawada,5,4344,1991,Yes,429.66,0.1,9890.883977900552
Pune,1,799,2019,No,213.17,0.27,26679.599499374217
Amritsar,5,2058,2021,Yes,221.42,0.11,10758.989310009718
Faridabad,3,2410,2004,No,72.07,0.03,2990.4564315352695
Patna,3,1267,1992,No,451.96,0.36,35671.66535122336
Vijayawada,4,2134,2008,Yes,193.24,0.09,9055.295220243674
Ahmedabad,1,2493,1999,No,342.89,0.14,13754.111512234256
Amritsar,5,4087,2011,No,226.3,0.06,5537.068754587717
Mumbai,5,1379,2010,No,65.12,0.05,4722.26250906454
Gurgaon,5,967,2009,Yes,491.88,0.51,50866.59772492244
Gaya,5,606,1993,No,376.53,0.62,62133.66336633663
Chennai,2,2666,1994,Yes,316.51,0.12,11872.093023255815
Raipur,2,3967,1996,Yes,118.17,0.03,2978.82530879758
New Delhi,1,1951,2012,No,210.09,0.11,10768.32393644285
Silchar,5,2846,1996,Yes,340.25,0.12,11955.375966268446
Dehradun,1,4563,2017,No,457.0,0.1,10015.340784571554
New Delhi,5,2952,1995,No,120.73,0.04,4089.769647696477
Ranchi,2,4728,2021,Yes,161.19,0.03,3409.263959390863
Dwarka,4,2059,1998,Yes,392.18,0.19,19047.110247693054
Bilaspur,4,3871,1991,Yes,110.37,0.03,2851.2012399896666
Vijayawada,2,2743,2011,No,478.53,0.17,17445.497630331753
Dwarka,4,2351,1998,No,300.69,0.13,12789.876648234793
Faridabad,5,4283,2012,Yes,497.09,0.12,11606.117207564792
Mumbai,2,4202,2007,No,34.77,0.01,827.4631128034271
Jaipur,1,3720,2018,No,400.76,0.11,10773.118279569893
Cuttack,3,1045,2005,Yes,84.13,0.08,8050.717703349283
Cuttack,1,4950,2010,No,262.51,0.05,5303.232323232323
Mumbai,1,4060,1990,No,116.11,0.03,2859.8522167487686
Jaipur,2,3707,2013,Yes,430.2,0.12,11605.071486377125
Warangal,4,3639,2011,No,459.87,0.13,12637.262984336356
Silchar,3,3375,2004,Yes,175.12,0.05,5188.740740740741
Warangal,4,2774,1991,Yes,131.19,0.05,4729.271809661139
Noida,3,3822,2020,Yes,377.48,0.1,9876.504447933019
Jaipur,2,565,2012,No,246.7,0.44,43663.71681415929
Hyderabad,5,2460,2006,No,189.47,0.08,7702.032520325203
Durgapur,3,3326,2017,Yes,432.64,0.13,13007.817197835238
Noida,2,3217,2005,No,382.0,0.12,11874.417158843644
Indore,4,2270,2017,Yes,455.62,0.2,20071.36563876652
New Delhi,2,2449,2017,Yes,413.27,0.17,16875.051041241324
Ahmedabad,4,1458,2023,No,293.6,0.2,20137.174211248286
Bhopal,4,2881,1997,No,290.44,0.1,10081.221797986811
Dwarka,1,2489,2021,Yes,408.68,0.16,16419.44556046605
Durgapur,4,2467,1998,No,44.56,0.02,1806.2423996757195
Mumbai,1,2847,2023,Yes,121.73,0.04,4275.728837372673
Indore,1,3526,1996,Yes,220.98,0.06,6267.158252977879
Coimbatore,3,1632,2018,No,257.5,0.16,15778.186274509804
Cuttack,2,1933,2021,No,180.67,0.09,9346.611484738749
Noida,1,3426,2011,Yes,184.91,0.05,5397.256275539989
Mumbai,3,4262,2019,No,161.28,0.04,3784.1389019239796
Ludhiana,3,2099,1993,Yes,453.89,0.22,21624.106717484516
Chennai,3,944,2001,No,268.58,0.28,28451.271186440677
Jamshedpur,3,2382,1991,No,47.87,0.02,2009.6557514693534
Faridabad,4,4573,2022,Yes,199.62,0.04,4365.186966980101
New Delhi,4,2694,2023,No,35.4,0.01,1314.031180400891
Chennai,5,1136,1990,No,43.44,0.04,3823.943661971831
Noida,2,1297,2017,No,195.81,0.15,15097.147262914417
Faridabad,4,4998,2022,No,206.1,0.04,4123.649459783914
Silchar,2,2782,2012,No,385.34,0.14,13851.186196980589
Ludhiana,4,4972,2001,No,54.19,0.01,1089.903459372486
Haridwar,3,902,1997,No,119.89,0.13,13291.574279379158
Vishakhapatnam,3,793,2015,Yes,47.91,0.06,6041.614123581337
Dehradun,1,3963,2020,Yes,278.89,0.07,7037.3454453696695
Hyderabad,5,3038,1994,No,37.75,0.01,1242.5938117182357
Patna,2,1417,2003,Yes,173.95,0.12,12275.93507410021
Amritsar,4,671,1997,Yes,242.42,0.36,36128.16691505216
Vishakhapatnam,4,3476,2008,No,166.63,0.05,4793.728423475259
Gaya,2,1834,2014,Yes,40.02,0.02,2182.115594329335
Durgapur,5,3346,2001,No,217.09,0.06,6488.0454273759715
Gurgaon,2,1354,1994,Yes,123.06,0.09,9088.626292466764
New Delhi,1,2449,1993,No,100.05,0.04,4085.3409554920377
Kolkata,1,1014,2001,No,301.88,0.3,29771.20315581854
Bhopal,3,1714,1991,No,241.51,0.14,14090.431738623103
Bhubaneswar,4,3505,1992,Yes,90.35,0.03,2577.7460770328103
Mangalore,4,3897,1994,Yes,276.35,0.07,7091.352322299205
Hyderabad,5,1449,2005,Yes,393.55,0.27,27160.110420979985
Surat,4,1113,2010,Yes,478.02,0.43,42948.78706199461
Ahmedabad,5,4641,2001,No,105.95,0.02,2282.9131652661063
Jamshedpur,3,788,1990,Yes,63.38,0.08,8043.147208121827
Haridwar,3,4788,2019,No,264.12,0.06,5516.290726817043
Coimbatore,4,3879,1997,No,317.29,0.08,8179.685485949988
Nagpur,2,2704,2013,Yes,67.29,0.02,2488.5355029585803
Cuttack,2,1852,2011,Yes,54.59,0.03,2947.6241900647947
Dwarka,2,4050,2019,No,335.96,0.08,8295.308641975309
Amritsar,5,2513,1993,No,24.26,0.01,965.3800238758456
Dehradun,5,560,2003,Yes,154.15,0.28,27526.785714285714
Cuttack,4,4690,2001,Yes,87.91,0.02,1874.413646055437
Trivandrum,1,948,2023,Yes,69.33,0.07,7313.291139240507
Chennai,5,4067,1997,Yes,403.69,0.1,9925.989672977625
Gaya,3,3235,1997,Yes,85.84,0.03,2653.4775888717154
Bhubaneswar,3,3899,2018,Yes,81.24,0.02,2083.6111823544497
Jaipur,2,2501,1998,No,360.83,0.14,14427.429028388644
Bhopal,2,3767,1995,Yes,199.58,0.05,5298.11521104327
Trivandrum,1,3905,1998,No,116.57,0.03,2985.147247119078
Faridabad,3,3027,2004,Yes,169.94,0.06,5614.139411959035
Mangalore,5,3923,1993,No,142.78,0.04,3639.5615600305887
Lucknow,5,3862,2013,Yes,430.21,0.11,11139.564992232004
Pune,3,2340,2010,No,218.36,0.09,9331.623931623932
Mumbai,3,1948,2022,Yes,164.91,0.08,8465.605749486653
Durgapur,5,2860,2017,No,343.57,0.12,12012.937062937062
Durgapur,2,765,2005,Yes,440.52,0.58,57584.313725490196
Dehradun,4,2908,2019,Yes,237.48,0.08,8166.437414030262
Ahmedabad,5,2751,2011,Yes,55.51,0.02,2017.8117048346055
Durgapur,2,706,2016,Yes,157.9,0.22,22365.43909348442
Lucknow,5,2194,2016,Yes,83.89,0.04,3823.609845031905
Ahmedabad,3,3197,2017,Yes,247.8,0.08,7751.016578041915
Trivandrum,2,4944,2018,No,156.16,0.03,3158.5760517799354
Kolkata,3,1581,2023,No,143.46,0.09,9074.003795066414
Amritsar,2,2859,2005,Yes,255.32,0.09,8930.39524309199
Haridwar,5,2666,1997,Yes,29.27,0.01,1097.899474868717
Silchar,1,729,2000,Yes,496.59,0.68,68119.341563786
Mysore,2,3349,2009,No,149.06,0.04,4450.880859958196
Bangalore,5,1439,2009,No,134.81,0.09,9368.311327310632
Ludhiana,2,4556,1998,No,462.04,0.1,10141.352063213346
Patna,1,627,2002,No,267.3,0.43,42631.57894736842
Bilaspur,3,1561,1991,Yes,315.07,0.2,20183.856502242154
Faridabad,4,3832,2001,No,352.39,0.09,9195.981210855949
Gurgaon,5,540,2011,Yes,356.32,0.66,65985.18518518518
Noida,4,2629,2009,Yes,148.59,0.06,5651.958919741346
Kochi,3,4801,2002,No,369.11,0.08,7688.189960424911
Bhopal,4,1569,2008,Yes,292.92,0.19,18669.216061185467
Raipur,2,3508,2002,No,369.92,0.11,10545.039908779932
Coimbatore,3,4633,2007,Yes,486.9,0.11,10509.389164688107
Nagpur,5,1191,1998,Yes,312.74,0.26,26258.606213266165
Gurgaon,1,3114,2015,No,468.19,0.15,15035.003211303789
Jamshedpur,1,618,2007,Yes,66.16,0.11,10705.501618122977
Amritsar,1,725,1994,No,374.49,0.52,51653.793103448275
Gaya,1,696,1996,Yes,488.2,0.7,70143.67816091955
Gurgaon,5,3270,2001,No,484.78,0.15,14825.076452599389
Kochi,2,3096,1999,Yes,402.9,0.13,13013.565891472868
Silchar,1,3149,2019,No,297.29,0.09,9440.774849158464
Surat,1,4634,2000,No,340.05,0.07,7338.152783772119
Warangal,3,623,2016,No,90.48,0.15,14523.274478330659
Indore,1,2449,2006,Yes,289.54,0.12,11822.784810126584
Patna,5,3472,2000,Yes,423.68,0.12,12202.764976958526
Mysore,1,3601,1992,Yes,180.85,0.05,5022.216051096918
Durgapur,2,3421,2006,No,499.78,0.15,14609.178602747734
Chennai,5,4085,1995,No,397.28,0.1,9725.336597307221
Jaipur,5,1111,1993,Yes,21.8,0.02,1962.1962196219622
Bilaspur,3,4900,2022,Yes,182.16,0.04,3717.5510204081634
Chennai,4,4855,2008,Yes,120.03,0.02,2472.2966014418125
Ranchi,5,512,2021,No,50.51,0.1,9865.234375
Jamshedpur,3,1875,2019,No,99.57,0.05,5310.4
Warangal,4,4203,2019,No,141.17,0.03,3358.7913395193905
Dwarka,4,2963,2004,No,28.15,0.01,950.0506243671954
Vijayawada,2,1933,2002,Yes,437.03,0.23,22608.898085876874
Noida,3,1433,2015,Yes,273.41,0.19,19079.553384508028
Jamshedpur,4,867,2021,Yes,470.71,0.54,54291.81084198385
Bhopal,5,3182,2000,No,411.11,0.13,12919.861722187303
Dwarka,3,1579,1999,No,114.13,0.07,7227.992400253325
Noida,2,3584,1994,No,113.79,0.03,3174.9441964285716
Warangal,5,3327,2011,Yes,44.34,0.01,1332.73219116321
Coimbatore,2,4155,2013,Yes,202.8,0.05,4880.86642599278
Bilaspur,4,4231,1997,No,75.34,0.02,1780.6665090995036
Hyderabad,2,4932,2000,No,349.26,0.07,7081.508515815085
Silchar,4,3501,1997,Yes,274.83,0.08,7850.042844901457
Kolkata,4,3640,2006,Yes,281.72,0.08,7739.5604395604405
Vijayawada,2,3911,2009,Yes,194.9,0.05,4983.380209665047
Guwahati,3,1844,1997,Yes,13.67,0.01,741.3232104121475
Lucknow,3,2624,2014,Yes,374.77,0.14,14282.393292682927
Noida,1,3479,2012,Yes,135.69,0.04,3900.2586950273067
Trivandrum,2,3077,2007,No,17.22,0.01,559.6360090997725
Kochi,4,1321,2021,Yes,352.97,0.27,26719.90915972748
Kolkata,2,1494,1996,No,495.21,0.33,33146.586345381525
Vijayawada,2,1239,2012,Yes,302.51,0.24,24415.657788539145
Chennai,2,736,1994,Yes,202.99,0.28,27580.16304347826
Cuttack,2,1234,1992,No,78.67,0.06,6375.202593192868
Mysore,5,2620,2020,Yes,430.87,0.16,16445.419847328245
Vijayawada,3,3488,2020,No,270.89,0.08,7766.341743119266
Jamshedpur,5,3071,2009,Yes,484.75,0.16,15784.760664278736
Raipur,3,3320,2022,No,248.86,0.07,7495.78313253012
Dwarka,3,1073,2014,No,481.19,0.45,44845.2935694315
Mangalore,4,1837,2022,No,306.76,0.17,16698.965704953727
Gaya,4,627,1991,No,240.27,0.38,38320.574162679426
Bilaspur,5,2806,2007,Yes,374.36,0.13,13341.411261582323
Ludhiana,5,3412,2013,No,276.38,0.08,8100.234466588511
Dehradun,4,1793,2012,No,96.21,0.05,5365.867261572783
Durgapur,5,3800,2022,Yes,215.23,0.06,5663.9473684210525
Dwarka,5,4299,2017,Yes,195.15,0.05,4539.427773900908
Mangalore,2,3211,2020,Yes,462.57,0.14,14405.792587978824
Patna,4,3959,2018,Yes,72.33,0.02,1826.9765092194998
Amritsar,3,3051,2000,No,180.49,0.06,5915.765322844969
Warangal,2,1184,2014,Yes,124.62,0.11,10525.337837837838
Jamshedpur,5,3417,2005,Yes,23.13,0.01,676.9095697980684
Kolkata,3,570,2012,Yes,214.08,0.38,37557.89473684211
Nagpur,1,620,2022,No,274.47,0.44,44269.35483870968
Patna,3,3532,1999,Yes,369.23,0.1,10453.850509626274
Vijayawada,3,2834,2005,Yes,290.2,0.1,10239.943542695837
Kolkata,5,4998,2010,Yes,284.87,0.06,5699.67987194878
Gurgaon,2,3221,2012,Yes,265.1,0.08,8230.363241229434
Gurgaon,4,2541,2015,No,42.72,0.02,1681.2278630460448
Trivandrum,5,2814,1993,No,114.34,0.04,4063.255152807392
Silchar,4,2345,2021,Yes,209.19,0.09,8920.682302771855
New Delhi,2,1018,2019,Yes,320.97,0.32,31529.4695481336
Trivandrum,1,3078,2002,No,252.6,0.08,8206.62768031189
Durgapur,4,4793,2022,No,212.14,0.04,4426.037972042562
Gurgaon,5,2101,2013,No,138.04,0.07,6570.204664445502
Mangalore,2,1198,2001,Yes,95.62,0.08,7981.636060100167
Durgapur,4,3042,2001,Yes,325.0,0.11,10683.760683760684
Bhopal,4,1567,1995,Yes,483.34,0.31,30844.926611359286
Faridabad,2,3861,2020,No,150.57,0.04,3899.7668997668998
Bhubaneswar,1,4559,2023,No,145.98,0.03,3202.017986400526
Bangalore,4,2359,2016,Yes,17.86,0.01,757.1004662992793
Durgapur,5,4566,1992,No,287.41,0.06,6294.568550153308
Jaipur,4,4940,2006,Yes,253.61,0.05,5133.805668016194
Trivandrum,4,3776,2001,Yes,438.53,0.12,11613.612288135593
Ahmedabad,2,1142,1992,No,471.48,0.41,41285.46409807356
Nagpur,2,3842,1995,Yes,139.14,0.04,3621.551275377407
Nagpur,1,556,2005,No,395.71,0.71,71170.86330935251
Dehradun,5,4036,1996,Yes,447.08,0.11,11077.304261645193
Vishakhapatnam,1,3274,2005,Yes,478.57,0.15,14617.287721441662
Faridabad,3,1141,2012,No,201.15,0.18,17629.272567922875
Guwahati,3,3170,2016,Yes,384.38,0.12,12125.552050473187
Hyderabad,1,3152,2018,Yes,145.09,0.05,4603.109137055838
Dehradun,5,4766,2022,No,474.1,0.1,9947.545111204365
Vijayawada,5,2770,1999,No,432.16,0.16,15601.4440433213
Jaipur,5,3691,2008,Yes,79.11,0.02,2143.3215930642104
Jamshedpur,1,3423,2019,Yes,53.24,0.02,1555.3607946245984
Chennai,4,2392,2006,No,279.89,0.12,11701.08695652174
Lucknow,3,4306,1997,No,184.79,0.04,4291.453785415699
Kochi,1,2840,1994,No,460.27,0.16,16206.69014084507
Ranchi,2,3329,2000,Yes,315.86,0.09,9488.134574947431
Jamshedpur,3,788,2006,Yes,92.22,0.12,11703.045685279189
Dehradun,4,3843,2014,Yes,410.67,0.11,10686.182669789227
Warangal,2,2089,2015,No,166.91,0.08,7989.947343226424
Indore,4,3459,2005,No,279.31,0.08,8074.87713211911
Raipur,4,817,2006,No,74.69,0.09,9141.982864137088
Bilaspur,5,1246,2011,No,36.95,0.03,2965.4895666131624
Raipur,5,823,1997,Yes,436.3,0.53,53013.36573511543
Trivandrum,4,2226,2017,Yes,23.75,0.01,1066.9362084456425
Warangal,1,2285,1991,Yes,359.29,0.16,15723.851203501094
Lucknow,5,3828,1993,No,493.47,0.13,12891.065830721003
Amritsar,2,3340,1998,Yes,268.76,0.08,8046.706586826347
Ranchi,1,851,1996,Yes,151.36,0.18,17786.133960047006
Gurgaon,1,1480,2016,No,430.99,0.29,29120.945945945947
Coimbatore,5,3883,2006,No,228.06,0.06,5873.293844965233
Ludhiana,5,3532,2019,No,292.72,0.08,8287.655719139299
New Delhi,4,1813,2017,No,212.02,0.12,11694.429123000551
Nagpur,5,2823,1998,Yes,314.33,0.11,11134.608572440666
Cuttack,1,955,2011,No,216.3,0.23,22649.214659685866
Mumbai,3,3146,1995,Yes,493.87,0.16,15698.347107438016
Guwahati,1,2281,1998,No,321.69,0.14,14103.024989039895
Amritsar,5,4706,1999,No,356.47,0.08,7574.798130046749
Lucknow,4,4696,2020,No,146.67,0.03,3123.2964224872226
Bangalore,2,2293,2022,Yes,291.71,0.13,12721.761883994765
Durgapur,5,2640,1999,Yes,321.29,0.12,12170.07575757576
Bangalore,1,1845,1991,Yes,372.87,0.2,20209.756097560974
Ranchi,1,3559,2021,No,65.05,0.02,1827.7606069120538
Cuttack,4,4051,1991,No,121.12,0.03,2989.8790422117995
Chennai,5,4845,2010,Yes,114.86,0.02,2370.691434468524
Haridwar,4,2556,2002,Yes,89.95,0.04,3519.1705790297337
Lucknow,2,4502,1990,No,239.03,0.05,5309.418036428254
Dehradun,3,1647,2019,No,249.74,0.15,15163.327261687917
New Delhi,4,4526,1990,Yes,226.0,0.05,4993.371630578878
Surat,1,633,2013,No,352.19,0.56,55638.23064770932
Coimbatore,2,1631,2004,Yes,186.18,0.11,11415.082771305948
Bhubaneswar,2,2448,2018,Yes,448.66,0.18,18327.614379084967
Kochi,4,1547,1999,Yes,406.0,0.26,26244.343891402714
Jamshedpur,5,1389,2021,No,357.08,0.26,25707.703383729302
Bilaspur,1,1318,2014,No,494.76,0.38,37538.69499241275
Coimbatore,5,4630,2002,No,325.72,0.07,7034.989200863932
Cuttack,2,2010,2021,No,376.75,0.19,18743.781094527363
Dwarka,5,2667,2002,Yes,407.06,0.15,15262.842144731909
Hyderabad,3,4321,1995,No,243.3,0.06,5630.641055311271
Bhubaneswar,1,4180,2012,Yes,153.71,0.04,3677.2727272727275
Patna,3,3843,2022,Yes,363.76,0.09,9465.52172781681
Mysore,2,4025,2002,No,73.42,0.02,1824.0993788819876
Cuttack,1,4682,2018,No,464.76,0.1,9926.527125160188
Coimbatore,1,2662,1991,No,184.23,0.07,6920.736288504883
Indore,5,3250,2021,No,377.42,0.12,11612.923076923076
Pune,1,951,1992,No,261.13,0.27,27458.464773922187
Haridwar,4,2561,2010,Yes,448.91,0.18,17528.69972666927
Trivandrum,2,1736,1991,No,54.9,0.03,3162.442396313364
Amritsar,2,3994,2007,No,253.44,0.06,6345.518277416124
Kochi,5,2123,2020,Yes,374.59,0.18,17644.37117286858
Bilaspur,4,3135,2006,Yes,241.02,0.08,7688.0382775119615
Cuttack,4,1814,2006,Yes,341.37,0.19,18818.632855567805
Indore,1,4520,1997,No,78.62,0.02,1739.3805309734514
Cuttack,4,1481,1993,Yes,171.23,0.12,11561.782579338285
Bhubaneswar,3,668,2000,Yes,110.1,0.16,16482.035928143712
Ludhiana,2,2175,2010,Yes,258.55,0.12,11887.356321839081
Faridabad,4,3197,2012,Yes,312.17,0.1,9764.466687519549
New Delhi,1,3610,2008,Yes,168.57,0.05,4669.529085872577
Haridwar,2,788,2011,Yes,142.5,0.18,18083.756345177666
Surat,4,2745,1997,Yes,145.45,0.05,5298.724954462658
Silchar,1,1107,2002,Yes,242.05,0.22,21865.401987353205
Gaya,2,4355,1993,Yes,391.49,0.09,8989.437428243398
Warangal,4,3692,1998,No,234.94,0.06,6363.4886240520045
Coimbatore,1,2051,1994,No,97.5,0.05,4753.7786445636275
Chennai,2,645,2020,No,133.27,0.21,20662.015503875973
Patna,1,1080,2003,Yes,243.96,0.23,22588.88888888889
Coimbatore,3,2670,2021,No,69.44,0.03,2600.749063670412
Jamshedpur,5,1952,2005,No,143.11,0.07,7331.454918032788
Mumbai,3,3794,2020,No,399.4,0.11,10527.148128624143
Jamshedpur,1,2722,1993,No,129.07,0.05,4741.7340191036
New Delhi,1,2494,2023,No,259.18,0.1,10392.141138732959
Kolkata,1,4437,2002,No,370.8,0.08,8356.997971602434
Silchar,3,1225,1999,No,375.55,0.31,30657.14285714286
Coimbatore,2,4338,2002,Yes,445.25,0.1,10263.946519133242
New Delhi,3,3492,2021,Yes,352.28,0.1,10088.20160366552
Dwarka,1,3777,1990,No,102.73,0.03,2719.883505427588
Surat,5,2441,2016,Yes,282.07,0.12,11555.510036870135
Bhubaneswar,2,899,1995,Yes,314.91,0.35,35028.92102335929
Mumbai,2,1147,1996,Yes,277.1,0.24,24158.674803836097
Lucknow,2,2263,1993,No,384.81,0.17,17004.418912947414
Lucknow,5,4157,2011,No,283.72,0.07,6825.114265095021
Vishakhapatnam,4,1133,2009,Yes,202.16,0.18,17842.89496910856
Dwarka,2,1940,2019,Yes,220.78,0.11,11380.41237113402
Vijayawada,5,1679,2012,No,410.72,0.24,24462.179868969626
Mysore,3,3016,2022,No,405.75,0.13,13453.249336870027
Gurgaon,1,574,2017,Yes,421.39,0.73,73412.89198606272
Mumbai,4,1970,2001,Yes,325.49,0.17,16522.33502538071
Guwahati,3,3415,1999,Yes,473.43,0.14,13863.25036603221
Raipur,5,1764,2010,No,358.52,0.2,20324.263038548754
Kochi,2,3011,2007,Yes,463.6,0.15,15396.878113583527
Jamshedpur,2,1675,1995,No,220.29,0.13,13151.641791044776
Raipur,3,4567,2011,No,491.35,0.11,10758.703744252245
Noida,5,1820,1998,No,475.06,0.26,26102.197802197803
Silchar,2,1067,2009,No,449.98,0.42,42172.44611059044
Vijayawada,5,3864,2005,Yes,384.18,0.1,9942.546583850932
Lucknow,1,2871,2002,No,146.79,0.05,5112.852664576802
Warangal,4,3151,1990,No,465.05,0.15,14758.80672802285
Hyderabad,5,3165,2013,Yes,67.32,0.02,2127.0142180094786
Noida,5,4516,2010,Yes,499.93,0.11,11070.194862710363
Noida,5,2649,2012,No,71.32,0.03,2692.336730841827
Mysore,1,1305,2006,No,485.28,0.37,37186.206896551725
Pune,4,637,2022,No,272.08,0.43,42712.715855573
Mysore,3,3531,2001,Yes,389.07,0.11,11018.691588785046
Kochi,3,1520,2000,Yes,351.04,0.23,23094.736842105263
Kochi,3,2849,2022,No,29.42,0.01,1032.6430326430327
Bhopal,2,3131,2009,No,24.22,0.01,773.554774832322
Amritsar,5,1668,1997,No,81.22,0.05,4869.304556354916
Vishakhapatnam,1,2115,1996,No,492.69,0.23,23295.03546099291
Durgapur,3,1763,2009,Yes,109.3,0.06,6199.659671015314
Guwahati,2,3364,2006,Yes,403.64,0.12,11998.810939357907
Faridabad,4,1935,2003,No,235.89,0.12,12190.697674418605
Ranchi,1,3747,2020,Yes,364.03,0.1,9715.238857752869
Gurgaon,2,3331,2007,No,339.96,0.1,10205.944160912639
Jaipur,3,514,1994,Yes,290.3,0.56,56478.59922178988
Coimbatore,5,3068,2000,No,206.23,0.07,6721.968709256845
Mysore,5,4590,2002,Yes,331.92,0.07,7231.3725490196075
Surat,2,831,2002,No,444.86,0.54,53533.09265944645
Ahmedabad,3,4005,2012,Yes,206.44,0.05,5154.556803995006
Durgapur,4,1749,2007,No,33.35,0.02,1906.8038879359633
Jamshedpur,5,1398,2011,Yes,432.48,0.31,30935.622317596568
Coimbatore,2,4028,2004,No,237.16,0.06,5887.785501489573
Gurgaon,4,527,2014,No,100.46,0.19,19062.61859582543
Kolkata,2,3752,2023,Yes,154.23,0.04,4110.6076759061825
Trivandrum,5,3001,2007,Yes,410.14,0.14,13666.777740753083
Chennai,1,4477,2010,No,59.01,0.01,1318.0701362519544
Kolkata,2,4243,1997,No,278.34,0.07,6559.981145415978
Guwahati,1,2532,2001,No,61.7,0.02,2436.8088467614534
Patna,3,4293,2011,No,434.3,0.1,10116.46866992779
Gurgaon,2,3829,2008,No,416.25,0.11,10870.984591277096
Guwahati,3,2805,1994,Yes,401.07,0.14,14298.395721925133
Ahmedabad,3,1639,1990,No,385.08,0.23,23494.813910921293
Kolkata,3,1564,1992,Yes,313.26,0.2,20029.41176470588
Cuttack,2,1336,2008,Yes,411.67,0.31,30813.622754491018
Mangalore,4,4954,2004,No,457.27,0.09,9230.31893419459
Dwarka,5,1522,1995,No,163.83,0.11,10764.126149802893
Pune,3,4084,1996,No,139.03,0.03,3404.260528893242
Bangalore,1,1302,2013,No,120.5,0.09,9254.992319508448
Noida,5,1555,1991,No,266.11,0.17,17113.183279742767
New Delhi,4,4827,1997,Yes,420.63,0.09,8714.108141702922
Nagpur,3,2614,1995,No,343.38,0.13,13136.18974751339
Ahmedabad,2,2811,2008,Yes,389.83,0.14,13868.018498754891
Coimbatore,5,3702,2001,Yes,381.82,0.1,10313.884386817936
Dehradun,1,2202,1999,Yes,395.15,0.18,17945.04995458674
Surat,5,1923,2001,No,333.5,0.17,17342.69370774831
Faridabad,3,1451,2007,Yes,286.13,0.2,19719.503790489318
Noida,1,1516,2013,Yes,111.56,0.07,7358.839050131926
Durgapur,4,3281,1991,No,154.49,0.05,4708.625419079549
Dehradun,3,4667,1990,No,353.72,0.08,7579.17291622027
Jaipur,3,3250,2010,Yes,126.9,0.04,3904.6153846153848
Dwarka,1,4521,2020,Yes,161.56,0.04,3573.545675735457
Silchar,1,4408,1990,No,26.55,0.01,602.3139745916516
Dwarka,5,4237,1999,Yes,349.7,0.08,8253.481236724097
Durgapur,4,1765,1992,No,316.73,0.18,17945.042492917848
Dehradun,3,959,2011,No,68.49,0.07,7141.814389989571
Patna,4,3365,1993,No,90.33,0.03,2684.398216939079
Warangal,1,3978,1998,No,301.31,0.08,7574.409250879839
Patna,1,3353,2012,Yes,209.39,0.06,6244.855353414852
Mysore,3,1946,2017,Yes,101.42,0.05,5211.716341212744
Ludhiana,5,3318,2011,No,422.06,0.13,12720.31344183243
Amritsar,3,2088,2019,No,334.37,0.16,16013.888888888889
Indore,5,3589,2003,No,33.22,0.01,925.6060183895236
Nagpur,2,4798,2022,No,374.46,0.08,7804.501875781576
Chennai,5,1361,1992,Yes,210.88,0.15,15494.489346069067
Ranchi,2,2999,2009,Yes,446.69,0.15,14894.631543847949
Cuttack,2,4114,2014,Yes,134.5,0.03,3269.3242586290717
Hyderabad,4,1945,2016,No,28.44,0.01,1462.210796915167
Gurgaon,3,2191,1995,No,81.76,0.04,3731.6293929712465
Jaipur,3,3873,1994,Yes,316.17,0.08,8163.439194422928
Amritsar,4,810,2014,Yes,495.06,0.61,61118.51851851852
Gurgaon,1,3677,2016,No,412.84,0.11,11227.63122110416
Ludhiana,5,1587,2021,No,277.24,0.17,17469.439193446757
Chennai,1,3776,2019,No,235.9,0.06,6247.3516949152545
Dehradun,3,1160,2011,Yes,123.57,0.11,10652.586206896553
Bilaspur,4,1429,2003,No,371.93,0.26,26027.291812456264
Vijayawada,4,3080,2003,Yes,242.86,0.08,7885.064935064935
Gaya,5,1997,2020,Yes,94.18,0.05,4716.07411116675
Kolkata,4,2857,1990,No,238.78,0.08,8357.717885894295
Bhopal,5,873,2022,Yes,378.42,0.43,43347.079037800686
Jodhpur,5,4614,2009,No,72.0,0.02,1560.4681404421326
Bilaspur,1,3254,2004,Yes,262.02,0.08,8052.243392747388
Ahmedabad,3,3554,2007,Yes,350.4,0.1,9859.313449634215
Bhopal,5,3475,2011,No,344.41,0.1,9911.079136690647
Bhubaneswar,2,4214,1997,Yes,72.99,0.02,1732.083531086853
Vijayawada,4,2951,2008,No,319.09,0.11,10812.944764486614
Kochi,1,1253,1995,No,459.3,0.37,36656.0255387071
Dwarka,5,2924,2013,Yes,294.91,0.1,10085.841313269495
Dehradun,4,4927,2018,No,153.33,0.03,3112.0357215344025
Guwahati,3,2721,1997,No,489.24,0.18,17980.154355016537
Hyderabad,2,2687,2016,Yes,495.93,0.18,18456.643096390027
Vijayawada,4,2483,2023,No,351.84,0.14,14169.95569875151
Mysore,4,725,2002,Yes,35.92,0.05,4954.482758620689
Ahmedabad,3,3831,2016,Yes,115.22,0.03,3007.569825110937
Raipur,2,4628,2018,Yes,218.36,0.05,4718.236819360415
Noida,4,3280,2014,No,32.59,0.01,993.5975609756099
Ranchi,5,1884,2001,Yes,372.63,0.2,19778.662420382167
Vijayawada,3,3528,2021,Yes,224.16,0.06,6353.741496598639
Gaya,4,2433,2002,Yes,291.22,0.12,11969.584874640363
Kolkata,5,4060,2000,No,144.89,0.04,3568.7192118226594
Haridwar,2,1054,2014,Yes,173.81,0.16,16490.512333965846
Gaya,1,2907,2015,Yes,429.83,0.15,14786.033711730306
Jamshedpur,5,2778,2022,Yes,366.69,0.13,13199.784017278618
Noida,4,3724,2022,No,133.68,0.04,3589.68850698174
Patna,5,4427,2010,No,346.68,0.08,7831.036819516603
Guwahati,2,3838,2016,No,488.0,0.13,12714.955706096925
Faridabad,2,2649,1992,Yes,178.06,0.07,6721.781804454511
Bhubaneswar,4,3592,2006,Yes,284.0,0.08,7906.458797327394
Amritsar,3,2902,1996,No,461.84,0.16,15914.541695382495
Guwahati,3,1230,2019,Yes,324.2,0.26,26357.72357723577
Guwahati,4,849,1994,Yes,32.0,0.04,3769.140164899882
Coimbatore,1,4445,2000,No,190.42,0.04,4283.914510686164
Ludhiana,5,3175,1994,Yes,335.05,0.11,10552.75590551181
Trivandrum,5,1234,2005,No,11.13,0.01,901.9448946515397
Noida,4,3082,1998,Yes,414.31,0.13,13442.894224529526
Warangal,2,998,1994,Yes,399.78,0.4,40058.11623246493
Durgapur,2,3333,1993,No,312.1,0.09,9363.936393639366
Bangalore,3,3232,1998,No,125.58,0.04,3885.519801980198
Bilaspur,1,1903,1997,Yes,46.33,0.02,2434.5769837099315
Patna,2,2180,2016,No,329.56,0.15,15117.43119266055
Mysore,5,2755,2017,No,452.62,0.16,16429.038112522685
Noida,2,4725,2006,Yes,383.86,0.08,8124.021164021164
Jodhpur,5,1598,2009,No,129.44,0.08,8100.125156445557
Dehradun,3,656,2001,No,141.05,0.22,21501.524390243907
Mangalore,5,2666,2018,Yes,31.52,0.01,1182.2955738934734
Bhopal,4,4157,2015,Yes,308.41,0.07,7419.052201106568
Bhubaneswar,4,2118,2001,Yes,42.59,0.02,2010.8593012275733
Ranchi,3,3721,1996,No,186.36,0.05,5008.331093791991
Cuttack,4,2554,2018,No,370.36,0.15,14501.174628034456
Trivandrum,4,2758,2015,Yes,51.21,0.02,1856.7802755620014
Warangal,2,2625,1998,No,475.15,0.18,18100.95238095238
Mangalore,1,747,2021,Yes,281.02,0.38,37619.812583668005
Haridwar,4,809,2004,Yes,419.99,0.52,51914.709517923366
Ludhiana,1,2812,2009,Yes,124.72,0.04,4435.277382645803
Ahmedabad,3,1632,2018,Yes,452.4,0.28,27720.58823529412
Cuttack,5,2508,2008,No,281.7,0.11,11232.057416267942
Jaipur,2,3775,2019,No,268.82,0.07,7121.059602649007
Vishakhapatnam,4,1218,2018,Yes,150.3,0.12,12339.901477832515
Bhopal,4,4486,1994,No,42.72,0.01,952.2960320998662
Chennai,3,2839,1991,No,70.36,0.02,2478.337442761536
Hyderabad,4,1651,2023,No,217.61,0.13,13180.496668685644
Lucknow,1,920,2014,Yes,355.53,0.39,38644.565217391304
Ludhiana,2,1372,2004,No,423.12,0.31,30839.650145772594
Raipur,5,1601,2018,No,454.29,0.28,28375.390381011868
Gurgaon,4,4505,2022,No,116.26,0.03,2580.6881243063262
Mangalore,4,4109,2008,Yes,160.68,0.04,3910.4404964711607
Warangal,5,1358,1992,Yes,29.36,0.02,2162.0029455081003
Haridwar,3,976,2015,Yes,270.35,0.28,27699.79508196722
Gurgaon,3,3188,1999,No,106.54,0.03,3341.9071518193223
Mumbai,5,3297,1997,No,53.13,0.02,1611.4649681528663
Trivandrum,4,1501,2020,Yes,175.91,0.12,11719.520319786809
Patna,3,4000,1999,Yes,116.07,0.03,2901.75
Faridabad,4,3379,2011,No,352.98,0.1,10446.285883397455
Gaya,5,2845,1998,No,391.97,0.14,13777.50439367311
Jaipur,3,4943,1999,Yes,40.71,0.01,823.5889136152134
Kolkata,4,4797,2007,No,382.08,0.08,7964.978111319575
Surat,2,4605,2014,No,175.84,0.04,3818.4581976112922
Gurgaon,5,4353,1990,Yes,80.77,0.02,1855.501952676315
Kochi,4,4677,1997,Yes,322.16,0.07,6888.176181312808
Jodhpur,2,3992,2017,Yes,356.9,0.09,8940.380761523045
Durgapur,5,732,2006,No,183.43,0.25,25058.743169398906
Mysore,2,3678,1991,Yes,468.07,0.13,12726.20989668298
Warangal,2,1812,2003,No,193.75,0.11,10692.604856512142
Dehradun,2,920,1992,No,270.22,0.29,29371.739130434788
Coimbatore,1,3530,2003,No,413.16,0.12,11704.249291784703
Bhopal,3,2214,2001,No,41.4,0.02,1869.918699186992
Indore,3,4660,2021,No,314.38,0.07,6746.351931330472
Amritsar,3,4847,2012,No,405.52,0.08,8366.412213740457
Jodhpur,4,1855,2017,No,297.72,0.16,16049.595687331539
Ludhiana,4,3614,2001,No,466.82,0.13,12916.989485334809
Warangal,5,1077,2000,No,23.64,0.02,2194.986072423398
Nagpur,5,3269,1996,No,337.96,0.1,10338.329764453962
Dehradun,2,4325,2005,Yes,252.5,0.06,5838.1502890173415
Ludhiana,3,3701,1992,No,419.71,0.11,11340.44852742502
Faridabad,4,2529,2007,No,228.71,0.09,9043.495452748122
Warangal,3,3266,2010,No,91.58,0.03,2804.041641151255
Faridabad,4,4740,2001,No,44.36,0.01,935.8649789029536
Jamshedpur,3,3340,1995,No,132.81,0.04,3976.3473053892217
Guwahati,5,1753,1991,No,17.18,0.01,980.0342270393611
Mysore,3,4589,1995,Yes,93.44,0.02,2036.1734582697754
Gaya,1,3657,1993,No,132.34,0.04,3618.813234891988
Trivandrum,1,2860,2022,No,263.67,0.09,9219.23076923077
Lucknow,1,2067,1991,No,259.82,0.13,12569.908079342042
Kochi,2,2839,2018,Yes,348.78,0.12,12285.311729482211
Indore,5,2354,1997,Yes,273.88,0.12,11634.664401019541
Gurgaon,1,2714,2005,Yes,255.34,0.09,9408.25350036846
Kochi,1,2027,2009,Yes,181.71,0.09,8964.479526393685
Pune,3,1634,2002,Yes,426.36,0.26,26093.023255813954
Bhubaneswar,5,1663,2021,No,332.98,0.2,20022.85027059531
Nagpur,2,2251,2020,Yes,294.32,0.13,13075.077743225233
Hyderabad,4,4581,2003,No,45.07,0.01,983.846321763807
Kolkata,2,1894,2002,Yes,255.58,0.13,13494.192185850054
Mumbai,3,3136,1991,Yes,133.64,0.04,4261.4795918367345
Raipur,3,1462,2009,Yes,81.52,0.06,5575.923392612859
Faridabad,4,3954,1996,No,481.59,0.12,12179.817905918058
Jamshedpur,1,2725,2020,No,228.32,0.08,8378.715596330276
Amritsar,3,2122,2011,Yes,127.22,0.06,5995.287464655985
Guwahati,4,2783,1997,No,325.96,0.12,11712.540424002873
Ludhiana,1,3012,2001,Yes,95.23,0.03,3161.686586985392
Gaya,1,3732,2018,No,354.72,0.1,9504.823151125402
Jamshedpur,5,1364,1998,Yes,30.18,0.02,2212.6099706744867
Mumbai,3,2906,2017,No,468.41,0.16,16118.719889883001
Jamshedpur,5,1413,2005,No,461.66,0.33,32672.328379334747
Lucknow,2,4803,2005,Yes,135.46,0.03,2820.320632937747
Hyderabad,1,4159,2009,No,490.99,0.12,11805.482087040155
Silchar,1,2303,1999,Yes,53.15,0.02,2307.859313938341
Ludhiana,3,4952,2004,No,415.0,0.08,8380.452342487884
Indore,3,4211,1995,No,411.24,0.1,9765.851341724056
Faridabad,5,1527,2000,Yes,122.98,0.08,8053.700065487885
Jaipur,2,3013,2002,Yes,216.1,0.07,7172.253567872553
Durgapur,5,2725,2012,No,91.08,0.03,3342.3853211009173
Raipur,5,852,2010,Yes,192.08,0.23,22544.600938967134
Durgapur,2,3100,2009,No,497.8,0.16,16058.064516129032
New Delhi,2,993,2003,No,191.95,0.19,19330.31218529708
Kochi,2,2061,2016,No,392.84,0.19,19060.650169820474
Bangalore,1,4112,1991,Yes,188.52,0.05,4584.630350194552
Patna,4,4683,1998,No,96.01,0.02,2050.1815075806107
Lucknow,4,2263,1998,Yes,299.9,0.13,13252.319929297391
Dwarka,3,3435,2012,No,294.94,0.09,8586.3173216885
Noida,4,4923,1996,Yes,58.05,0.01,1179.1590493601464
Faridabad,4,2342,2009,Yes,331.21,0.14,14142.186165670366
Bhopal,3,1587,1992,Yes,28.69,0.02,1807.8134845620668
Dwarka,2,954,2012,Yes,96.43,0.1,10107.966457023062
Ahmedabad,5,2103,2007,No,300.12,0.14,14271.041369472183
Bangalore,1,1083,2008,Yes,48.75,0.05,4501.385041551246
Raipur,4,1744,2023,No,289.65,0.17,16608.371559633026
Mangalore,2,4232,2016,Yes,82.9,0.02,1958.8846880907374
Bhopal,5,3535,2011,No,285.91,0.08,8087.977369165489
Patna,1,4035,2023,Yes,224.49,0.06,5563.5687732342
Patna,5,3984,1990,Yes,63.45,0.02,1592.620481927711
Mangalore,2,2094,2006,Yes,445.45,0.21,21272.683858643744
Haridwar,3,3150,1996,No,186.9,0.06,5933.333333333333
Coimbatore,1,1588,1996,No,214.27,0.13,13493.073047858941
Kolkata,3,1696,2020,No,482.04,0.28,28422.169811320753
Ranchi,1,4917,1999,No,51.28,0.01,1042.9123449257677
Raipur,2,820,2023,Yes,470.97,0.57,57435.365853658535
Faridabad,4,2483,1999,Yes,56.62,0.02,2280.306081353202
Mysore,3,1437,1998,No,84.49,0.06,5879.610299234517
Faridabad,1,1916,2016,No,308.89,0.16,16121.60751565762
Dehradun,2,1143,2017,No,138.5,0.12,12117.235345581803
New Delhi,5,3540,1995,Yes,200.19,0.06,5655.0847457627115
Faridabad,1,4922,2010,No,33.9,0.01,688.7444128403088
Lucknow,3,3366,2022,No,148.57,0.04,4413.844325609031
Lucknow,3,833,1999,Yes,22.14,0.03,2657.863145258103
Ludhiana,2,2345,2023,No,488.33,0.21,20824.307036247334
Mangalore,3,506,2001,No,480.51,0.95,94962.45059288538
Surat,5,2689,2018,No,298.27,0.11,11092.227593901078
Indore,5,2354,1998,No,28.33,0.01,1203.4834324553951
Guwahati,3,4790,2021,No,488.9,0.1,10206.680584551148
Chennai,4,584,2023,No,419.57,0.72,71844.17808219178
Chennai,3,696,2015,Yes,340.81,0.49,48966.9540229885
New Delhi,3,4661,2005,Yes,183.77,0.04,3942.716155331474
Surat,2,3477,2007,No,105.38,0.03,3030.7736554501007
Chennai,2,3666,1990,No,470.16,0.13,12824.877250409165
Bilaspur,1,3382,1991,Yes,392.01,0.12,11591.070372560614
Chennai,3,4497,2011,No,59.35,0.01,1319.7687347120302
Durgapur,1,1582,1990,No,110.83,0.07,7005.6890012642225
Trivandrum,3,3580,2014,No,292.21,0.08,8162.290502793295
Pune,2,4023,1998,No,328.4,0.08,8163.06239125031
Silchar,5,1109,1991,Yes,491.18,0.44,44290.351668169526
Mysore,1,3859,2001,Yes,179.96,0.05,4663.384296449857
Surat,2,1316,2007,No,172.31,0.13,13093.465045592706
Silchar,3,4749,2023,No,265.39,0.06,5588.334386186566
Silchar,2,4235,2010,Yes,224.94,0.05,5311.452184179457
Mumbai,5,4332,2003,Yes,226.57,0.05,5230.147737765466
Dehradun,1,2801,2011,Yes,120.44,0.04,4299.892895394502
Lucknow,1,3467,1999,No,489.16,0.14,14109.027978079032
Kolkata,4,3426,2011,Yes,441.52,0.13,12887.33216579101
Indore,2,1906,1994,No,239.14,0.13,12546.69464847849
Surat,2,3017,2005,Yes,132.05,0.04,4376.864434869076
Haridwar,1,1601,1992,Yes,257.35,0.16,16074.328544659591
Haridwar,5,3846,1995,Yes,247.02,0.06,6422.776911076443
Vishakhapatnam,3,1688,2008,No,178.77,0.11,10590.63981042654
Trivandrum,5,753,1997,Yes,498.32,0.66,66177.95484727755
Bangalore,2,3165,2005,Yes,388.57,0.12,12277.093206951027
Patna,5,1900,2002,Yes,159.63,0.08,8401.578947368422
Dwarka,3,1401,2000,No,47.66,0.03,3401.855817273376
Noida,3,2703,2020,Yes,403.03,0.15,14910.469848316685
Kochi,5,3610,1994,No,223.48,0.06,6190.581717451523
Kolkata,1,1001,2015,Yes,292.59,0.29,29229.770229770227
Patna,3,1036,2012,No,384.06,0.37,37071.42857142857
Gaya,3,1914,2002,No,369.15,0.19,19286.833855799374
New Delhi,4,2299,2010,Yes,47.38,0.02,2060.8960417572857
Silchar,4,2386,1999,Yes,88.53,0.04,3710.3939647946354
Ahmedabad,1,1261,2019,Yes,260.88,0.21,20688.3425852498
Bhopal,1,2476,2021,No,368.3,0.15,14874.798061389338
Trivandrum,3,3317,2012,No,124.62,0.04,3757.0093457943926
Lucknow,5,4336,2010,No,359.62,0.08,8293.819188191881
Bilaspur,1,2511,2006,No,115.55,0.05,4601.752289924333
Cuttack,4,3590,2022,No,50.49,0.01,1406.406685236769
Indore,3,4577,2007,No,303.78,0.07,6637.098536159056
Lucknow,4,2868,1996,No,408.23,0.14,14233.960948396094
Kochi,2,4797,2000,Yes,496.93,0.1,10359.182822597457
Haridwar,5,766,1990,No,214.21,0.28,27964.751958224544
Mumbai,3,3554,2005,No,243.83,0.07,6860.720315137873
Bhubaneswar,3,3331,2015,No,201.75,0.06,6056.739717802462
Coimbatore,2,584,2007,Yes,383.45,0.66,65659.24657534246
Lucknow,4,717,1991,Yes,475.27,0.66,66285.91352859135
Faridabad,3,555,2000,No,466.57,0.84,84066.66666666667
Dehradun,1,3355,1996,Yes,222.49,0.07,6631.594634873323
Ludhiana,2,4003,2011,Yes,426.11,0.11,10644.766425181115
Ludhiana,4,2994,2004,No,60.5,0.02,2020.7080828323312
Bhopal,4,1162,2017,Yes,176.66,0.15,15203.098106712565
Guwahati,1,830,2014,Yes,108.87,0.13,13116.867469879518
Bangalore,1,2439,2009,Yes,459.05,0.19,18821.238212382123
Noida,3,1830,1994,No,11.55,0.01,631.1475409836065
Vishakhapatnam,1,2335,2010,Yes,357.58,0.15,15313.91862955032
Hyderabad,4,1539,1991,Yes,299.14,0.19,19437.296946068876
Surat,2,4249,2016,Yes,485.61,0.11,11428.806778065427
Warangal,2,3130,2015,Yes,285.13,0.09,9109.584664536742
Coimbatore,2,2185,2012,No,64.6,0.03,2956.5217391304345
Nagpur,2,4682,1995,Yes,455.28,0.1,9724.049551473729
Kolkata,1,3971,2017,Yes,334.42,0.08,8421.556283052128
Ahmedabad,4,3718,1999,No,313.11,0.08,8421.463152232383
Vijayawada,4,950,1999,Yes,174.91,0.18,18411.57894736842
Chennai,5,2571,1992,No,463.79,0.18,18039.284325165307
Dehradun,4,4711,2001,No,475.58,0.1,10095.096582466567
Bangalore,3,4350,2002,Yes,68.25,0.02,1568.9655172413793
Coimbatore,3,3455,2011,Yes,167.65,0.05,4852.387843704776
Indore,4,3778,2014,Yes,129.87,0.03,3437.533086289042
Vijayawada,4,3009,2022,Yes,200.14,0.07,6651.379195746095
Jaipur,5,3877,2018,Yes,238.7,0.06,6156.822285272117
Kolkata,1,3280,1996,Yes,354.16,0.11,10797.560975609756
Cuttack,1,1906,1994,Yes,482.49,0.25,25314.270724029382
Kolkata,5,1917,1994,No,100.5,0.05,5242.566510172144
Bhopal,5,1334,2019,Yes,371.55,0.28,27852.32383808096
Hyderabad,5,4887,2018,No,341.95,0.07,6997.1352568037655
Vijayawada,2,3771,2023,Yes,30.57,0.01,810.6603023070803
Amritsar,3,707,2008,No,243.31,0.34,34414.42715700142
Trivandrum,5,960,2003,Yes,95.86,0.1,9985.416666666666
New Delhi,3,2326,1995,Yes,176.35,0.08,7581.685296646604
Vijayawada,3,1373,2011,Yes,393.89,0.29,28688.27385287691
Bhopal,5,4806,2011,No,162.54,0.03,3382.0224719101125
Surat,5,3293,2022,Yes,34.54,0.01,1048.8915882174308
Noida,3,2976,2011,No,93.35,0.03,3136.760752688172
Gurgaon,3,2454,1996,Yes,86.69,0.04,3532.599837000815
Ahmedabad,5,503,1993,No,456.87,0.91,90829.02584493042
Faridabad,4,634,1991,No,352.51,0.56,55600.94637223975
Amritsar,4,3525,1999,No,150.63,0.04,4273.191489361702
Ludhiana,4,3590,1992,Yes,168.89,0.05,4704.456824512535
Lucknow,5,3606,2002,Yes,374.35,0.1,10381.308929561841
Silchar,3,3134,2018,Yes,302.44,0.1,9650.287172941928
Bilaspur,3,1859,2004,No,76.74,0.04,4128.0258203335125
Kolkata,1,4585,1991,Yes,301.16,0.07,6568.375136314068
Guwahati,3,3417,1990,No,187.45,0.05,5485.806262803629
Coimbatore,1,4470,2009,Yes,430.02,0.1,9620.134228187919
Trivandrum,4,4814,2020,No,252.91,0.05,5253.635230577483
Kochi,1,3729,2000,Yes,71.8,0.02,1925.4491820863502
Surat,3,4015,2014,No,37.95,0.01,945.2054794520549
Faridabad,4,3737,1997,No,423.57,0.11,11334.492908750335
Vishakhapatnam,5,579,2014,Yes,413.83,0.71,71473.22970639032
Guwahati,3,3454,2003,No,234.01,0.07,6775.04342790967
Mysore,3,4588,1997,Yes,105.38,0.02,2296.8613775065387
Vijayawada,1,3346,2019,No,334.22,0.1,9988.643156007174
Chennai,5,2977,1994,No,182.67,0.06,6136.042996305005
Jodhpur,2,2089,1991,Yes,263.83,0.13,12629.48779320249
Amritsar,3,4425,1994,No,112.71,0.03,2547.1186440677966
Durgapur,2,2291,1990,Yes,349.7,0.15,15264.07682234832
Kolkata,2,4405,2010,No,322.34,0.07,7317.5936435868325
Amritsar,5,773,2006,Yes,102.19,0.13,13219.922380336351
Jamshedpur,4,2676,2021,Yes,414.68,0.15,15496.263079222721
Faridabad,4,3571,2002,Yes,162.94,0.05,4562.867544105293
Ludhiana,2,1657,2012,No,73.64,0.04,4444.176222088111
Jodhpur,4,2269,1999,Yes,388.19,0.17,17108.41780520053
Bhopal,4,3264,1994,Yes,69.63,0.02,2133.2720588235293
Jodhpur,2,1733,2014,Yes,449.19,0.26,25919.792267743796
Gaya,1,1903,2013,Yes,392.69,0.21,20635.312664214398
Durgapur,2,4266,2015,No,280.8,0.07,6582.278481012659
Jodhpur,1,4586,2020,No,91.35,0.02,1991.9319668556477
Jaipur,1,4255,1997,No,154.48,0.04,3630.5522914218564
Cuttack,3,1177,2006,No,208.97,0.18,17754.46049277825
Trivandrum,4,1352,2010,No,272.19,0.2,20132.39644970414
Dehradun,3,1705,2015,No,327.07,0.19,19182.991202346042
Bhopal,5,2977,2002,No,377.04,0.13,12665.09909304669
Bhubaneswar,2,2617,2017,No,118.72,0.05,4536.49216660298
Gurgaon,2,4674,1993,No,179.68,0.04,3844.244758237056
Guwahati,4,4053,2000,Yes,185.48,0.05,4576.363187762152
Ahmedabad,2,982,2013,Yes,43.6,0.04,4439.918533604888
Faridabad,5,2273,2013,No,402.31,0.18,17699.51605807303
Noida,1,2604,2006,Yes,250.41,0.1,9616.359447004608
Silchar,2,2828,2012,No,22.48,0.01,794.9080622347949
Bangalore,4,2602,2020,Yes,109.08,0.04,4192.159877017679
Dwarka,3,2924,2002,No,450.74,0.15,15415.184678522572
Kolkata,4,4358,2021,Yes,215.16,0.05,4937.127122533272
Ranchi,3,3507,2001,Yes,435.34,0.12,12413.45879669233
Mysore,1,4417,2018,No,375.42,0.08,8499.434004980756
Durgapur,4,1312,2008,Yes,161.97,0.12,12345.274390243903
Guwahati,4,1147,2008,Yes,493.67,0.43,43040.10462074978
Noida,1,1903,2005,Yes,410.11,0.22,21550.709406200735
Kochi,2,913,1996,No,474.09,0.52,51926.61555312158
Amritsar,1,4885,1996,Yes,362.76,0.07,7425.997952917093
Vijayawada,5,2066,2016,Yes,372.02,0.18,18006.77637947725
Gaya,2,3512,2019,Yes,131.46,0.04,3743.1662870159453
Mysore,4,4976,1998,Yes,51.44,0.01,1033.7620578778135
Bhopal,1,4665,2005,Yes,374.47,0.08,8027.224008574491
Mumbai,4,4834,2021,Yes,326.39,0.07,6751.965246172942
Bangalore,5,2397,2010,Yes,205.83,0.09,8586.983729662077
Bhopal,5,4095,1994,Yes,418.48,0.1,10219.291819291819
Silchar,3,4499,1993,Yes,82.46,0.02,1832.8517448321847
New Delhi,1,1279,1999,Yes,132.98,0.1,10397.185301016418
New Delhi,1,2875,1999,No,23.8,0.01,827.8260869565217
Hyderabad,1,3044,2003,No,239.92,0.08,7881.73455978975
Jaipur,1,842,2012,Yes,170.92,0.2,20299.287410926365
Dwarka,4,3814,2008,No,283.93,0.07,7444.41531200839
Noida,3,1609,2018,Yes,292.73,0.18,18193.287756370417
Bhubaneswar,5,4084,2016,No,97.44,0.02,2385.896180215475
Coimbatore,1,1119,1999,No,121.43,0.11,10851.65326184093
Coimbatore,4,2344,2010,Yes,189.59,0.08,8088.3105802047785
Mumbai,4,3458,1994,Yes,202.59,0.06,5858.588779641411
Cuttack,4,4548,1990,Yes,448.56,0.1,9862.796833773087
Mysore,2,3340,1995,Yes,253.57,0.08,7591.916167664671
Bhopal,3,4046,2017,Yes,284.47,0.07,7030.894710825508
Mysore,2,1511,1993,No,84.62,0.06,5600.264725347452
Mysore,1,1515,2022,No,418.82,0.28,27644.884488448846
Bilaspur,2,4304,2018,No,171.04,0.04,3973.977695167286
Ahmedabad,3,4530,1994,No,132.84,0.03,2932.4503311258277
Kochi,1,1584,2004,Yes,115.19,0.07,7272.095959595959
Surat,3,1917,1997,Yes,228.21,0.12,11904.538341158059
Faridabad,5,2543,2015,Yes,411.83,0.16,16194.651985843491
Coimbatore,5,2403,1990,No,430.99,0.18,17935.49729504786
Haridwar,2,3260,2010,No,301.58,0.09,9250.920245398773
Ranchi,5,1580,2021,No,60.06,0.04,3801.26582278481
Ranchi,4,4375,2010,Yes,386.93,0.09,8844.114285714286
Surat,3,1936,1994,No,74.02,0.04,3823.3471074380163
Raipur,3,1153,2008,Yes,286.27,0.25,24828.27406764961
Warangal,4,1019,2011,Yes,105.19,0.1,10322.865554465161
Gurgaon,3,4065,1999,Yes,394.04,0.1,9693.480934809348
Dwarka,2,4549,1993,Yes,387.65,0.09,8521.653110573752
Cuttack,4,4878,1991,Yes,107.22,0.02,2198.031980319803
Kochi,4,1642,1991,No,73.45,0.04,4473.20341047503
Cuttack,2,3187,2006,Yes,465.54,0.15,14607.46783809225
Bhubaneswar,2,1971,2006,Yes,468.22,0.24,23755.454084221208
Vijayawada,1,1415,2004,No,343.29,0.24,24260.77738515901
Jamshedpur,2,3147,1996,Yes,76.31,0.02,2424.849062599301
Mangalore,3,4187,2011,No,388.62,0.09,9281.585860998328
Noida,4,4377,1992,Yes,243.77,0.06,5569.339730408956
Ranchi,2,4260,2018,No,431.99,0.1,10140.610328638497
Patna,2,3086,1991,No,45.08,0.01,1460.7906675307843
Bilaspur,5,2344,2018,No,196.73,0.08,8392.918088737202
Trivandrum,1,3956,2006,No,417.48,0.11,10553.083923154702
Trivandrum,1,2972,2011,Yes,473.38,0.16,15927.99461641992
Dwarka,3,3789,2017,No,470.7,0.12,12422.802850356295
Haridwar,3,2097,2002,No,70.14,0.03,3344.778254649499
Vijayawada,4,3484,2002,No,342.1,0.1,9819.173363949483
Patna,5,3018,2006,Yes,342.32,0.11,11342.611000662691
Gurgaon,1,520,1991,Yes,73.86,0.14,14203.846153846154
Coimbatore,1,2340,2022,No,28.64,0.01,1223.931623931624
New Delhi,4,4143,2003,No,91.65,0.02,2212.16509775525
Ranchi,5,1887,2012,No,277.91,0.15,14727.609962904082
Lucknow,5,3525,1995,No,257.55,0.07,7306.382978723404
Kochi,1,2832,2014,Yes,407.11,0.14,14375.353107344632
Durgapur,1,2539,2015,No,390.02,0.15,15361.165813312327
Amritsar,3,1420,2018,Yes,154.25,0.11,10862.676056338029
Gurgaon,2,3609,2003,No,77.83,0.02,2156.5530617899694
Ludhiana,1,4552,1999,Yes,32.58,0.01,715.7293497363796
Indore,5,3500,2011,Yes,489.34,0.14,13981.142857142857
Bhopal,4,4253,2011,No,364.92,0.09,8580.296261462498
Jamshedpur,1,1066,2012,Yes,331.64,0.31,31110.694183864915
Gaya,5,3992,1990,Yes,198.5,0.05,4972.444889779559
Chennai,2,2006,2020,Yes,381.04,0.19,18995.014955134597
Ahmedabad,5,1283,2004,No,264.22,0.21,20593.920498830867
Dehradun,5,1772,2001,No,406.81,0.23,22957.67494356659
Dehradun,3,2599,2011,Yes,105.46,0.04,4057.714505579069
Durgapur,2,1464,2008,Yes,295.28,0.2,20169.398907103823
Ludhiana,4,4753,2009,No,499.14,0.11,10501.577950767936
Dehradun,1,1350,2001,No,405.54,0.3,30040.0
Ludhiana,5,995,1994,Yes,47.79,0.05,4803.015075376885
Mumbai,5,2364,2019,Yes,119.37,0.05,5049.492385786802
Dwarka,1,1724,2014,Yes,473.28,0.27,27452.436194895592
Vijayawada,5,2202,1992,No,241.83,0.11,10982.288828337874
Kolkata,4,1136,1990,Yes,441.56,0.39,38869.718309859156
Gaya,3,3616,2018,Yes,243.33,0.07,6729.258849557522
Dwarka,3,2483,2019,No,309.89,0.12,12480.467176802254
Trivandrum,5,2383,2010,No,162.1,0.07,6802.349979018045
Silchar,2,3189,2020,Yes,48.03,0.02,1506.1147695202258
Noida,5,2002,2019,No,139.54,0.07,6970.02997002997
Durgapur,2,2908,2023,No,287.84,0.1,9898.211829436037
Kochi,4,3266,2015,No,70.35,0.02,2154.011022657685
Durgapur,3,4870,1997,No,58.67,0.01,1204.7227926078028
Ahmedabad,5,3389,2011,No,119.82,0.04,3535.5562112717616
Mangalore,4,3520,1991,No,142.63,0.04,4051.9886363636365
Indore,4,1469,2004,Yes,437.09,0.3,29754.25459496256
Surat,4,2789,2001,Yes,71.4,0.03,2560.0573682323416
Bilaspur,2,1189,1990,No,296.49,0.25,24936.080740117744
Bhopal,3,592,2020,Yes,254.24,0.43,42945.94594594595
Bangalore,4,4774,2007,No,382.38,0.08,8009.635525764558
Nagpur,2,2624,2003,Yes,431.58,0.16,16447.408536585364
Jamshedpur,5,3711,2023,No,297.43,0.08,8014.820803018054
Ludhiana,1,2300,2022,No,16.35,0.01,710.8695652173914
Ludhiana,2,2625,2023,Yes,314.09,0.12,11965.333333333332
Gurgaon,3,3480,2009,No,316.74,0.09,9101.724137931034
Bangalore,4,3464,2014,No,178.07,0.05,5140.588914549654
Mumbai,3,4118,2016,Yes,68.5,0.02,1663.4288489558037
Mangalore,2,3380,2004,No,497.77,0.15,14726.923076923076
Jamshedpur,4,2502,2019,Yes,455.67,0.18,18212.230215827338
Amritsar,3,3056,1994,No,188.83,0.06,6178.992146596858
Hyderabad,4,1786,2003,Yes,413.2,0.23,23135.498320268758
Silchar,5,4752,2015,No,198.34,0.04,4173.821548821549
Bhubaneswar,1,2789,1990,No,303.92,0.11,10897.09573323772
Hyderabad,1,2458,1995,Yes,448.81,0.18,18259.153783563874
New Delhi,2,2484,1992,Yes,479.01,0.19,19283.816425120775
New Delhi,1,1617,2017,No,132.69,0.08,8205.936920222635
Kochi,2,2764,2020,No,123.72,0.04,4476.121562952243
Pune,2,3588,2022,No,39.38,0.01,1097.5473801560759
Gaya,4,4849,2019,No,369.65,0.08,7623.221282738709
Jodhpur,3,2978,1999,No,459.81,0.15,15440.22834116857
Bhopal,1,3855,2005,Yes,255.66,0.07,6631.906614785992
Raipur,4,1178,1992,No,63.45,0.05,5386.247877758913
Patna,3,4665,1996,Yes,291.57,0.06,6250.16077170418
Indore,3,2789,1998,No,233.23,0.08,8362.495518106849
Cuttack,1,1961,2018,Yes,228.36,0.12,11645.079041305456
Noida,1,851,2020,No,286.17,0.34,33627.49706227967
Warangal,1,4644,1990,Yes,155.93,0.03,3357.665805340224
Kolkata,5,1196,2001,Yes,59.01,0.05,4933.946488294315
Jodhpur,5,3577,1995,Yes,57.63,0.02,1611.126642437797
Gaya,1,971,1990,No,478.91,0.49,49321.318228630276
Ahmedabad,4,1986,2015,Yes,36.44,0.02,1834.8439073514603
Ahmedabad,5,4529,2020,No,357.62,0.08,7896.224332082137
Faridabad,3,1645,1992,Yes,231.9,0.14,14097.26443768997
Ahmedabad,2,1104,2017,No,25.1,0.02,2273.550724637681
Trivandrum,4,4741,1997,Yes,131.24,0.03,2768.1923644800677
Bilaspur,4,4060,2006,Yes,206.29,0.05,5081.0344827586205
Surat,4,1609,2000,No,48.49,0.03,3013.6730888750776
Faridabad,1,2415,2011,Yes,140.69,0.06,5825.6728778467905
Gurgaon,4,963,2014,No,45.42,0.05,4716.510903426792
Vijayawada,1,2505,2018,Yes,397.46,0.16,15866.666666666666
Faridabad,5,4392,2018,Yes,153.6,0.03,3497.2677595628415
Dwarka,3,2528,1995,Yes,33.19,0.01,1312.8955696202531
Faridabad,1,1282,2014,No,383.48,0.3,29912.636505460217
Bilaspur,1,1950,2008,Yes,451.9,0.23,23174.358974358973
Vijayawada,2,1905,1990,No,281.53,0.15,14778.477690288712
Amritsar,1,658,2009,Yes,446.67,0.68,67882.97872340426
Dwarka,4,1030,2014,No,491.62,0.48,47730.09708737864
Guwahati,4,677,2018,Yes,363.49,0.54,53691.28508124077
Indore,5,2136,2018,No,304.99,0.14,14278.558052434457
Coimbatore,4,1226,2004,Yes,270.22,0.22,22040.78303425775
Jodhpur,1,1269,1996,Yes,189.54,0.15,14936.170212765957
Surat,1,604,2007,No,116.1,0.19,19221.854304635763
Mangalore,3,1610,2022,No,394.39,0.24,24496.273291925467
Ahmedabad,1,700,2021,Yes,299.65,0.43,42807.142857142855
Gurgaon,4,3611,2007,Yes,336.37,0.09,9315.148158404874
Jodhpur,4,723,1993,Yes,299.77,0.41,41461.96403872752
Bilaspur,2,2017,2017,Yes,77.31,0.04,3832.9201784828956
Haridwar,3,4011,2014,No,270.17,0.07,6735.726751433558
Noida,4,713,2022,No,236.9,0.33,33225.8064516129
Jodhpur,1,560,2014,Yes,137.11,0.24,24483.928571428576
Ludhiana,5,3698,2021,Yes,153.88,0.04,4161.168199026501
Kolkata,1,4830,1995,Yes,192.07,0.04,3976.6045548654242
Bhopal,3,4988,2023,No,97.21,0.02,1948.87730553328
Pune,4,3561,1994,No,17.98,0.01,504.914349901713
Patna,1,1860,2009,Yes,239.05,0.13,12852.150537634408
Surat,4,4966,1998,No,254.74,0.05,5129.681836488119
Silchar,5,1124,2020,Yes,50.5,0.04,4492.88256227758
Durgapur,5,3320,1990,No,221.25,0.07,6664.156626506024
Bilaspur,3,3337,2022,No,469.01,0.14,14054.839676356009
Dehradun,4,3131,2006,No,390.45,0.12,12470.456723091664
Mysore,2,2516,2013,No,287.37,0.11,11421.701112877583
Warangal,2,2344,2017,No,109.03,0.05,4651.4505119453925
Coimbatore,5,1442,1990,No,52.66,0.04,3651.872399445215
Faridabad,1,4657,2002,Yes,378.3,0.08,8123.255314580202
Surat,2,3723,2022,Yes,411.2,0.11,11044.856298683857
Jaipur,2,4354,2015,No,99.71,0.02,2290.078089113459
Jamshedpur,1,3147,2011,Yes,168.82,0.05,5364.474102319669
Chennai,1,3207,1998,Yes,486.92,0.15,15183.037106329903
Raipur,1,1959,1992,No,324.52,0.17,16565.594691168964
Surat,3,3302,2007,Yes,192.84,0.06,5840.096910963052
Jamshedpur,4,4531,2001,Yes,136.25,0.03,3007.0624586184067
Silchar,4,4077,2014,No,145.77,0.04,3575.4231052244304
Ludhiana,1,2546,2006,Yes,134.69,0.05,5290.259230164965
Bhopal,1,3177,2016,Yes,299.39,0.09,9423.670129052565
Raipur,1,2554,2019,Yes,439.17,0.17,17195.379796397807
Trivandrum,5,675,2016,Yes,253.1,0.37,37496.2962962963
Vishakhapatnam,1,1151,2006,No,152.33,0.13,13234.578627280627
Jodhpur,2,2060,1992,Yes,428.71,0.21,20811.165048543688
Bilaspur,5,596,2016,Yes,124.19,0.21,20837.24832214765
Ahmedabad,2,3995,2000,No,23.17,0.01,579.9749687108886
Cuttack,2,949,2010,No,115.96,0.12,12219.17808219178
Ahmedabad,5,2035,2018,Yes,271.23,0.13,13328.255528255528
Silchar,5,3934,1992,No,418.93,0.11,10648.957803762074
Raipur,3,2089,2003,Yes,261.74,0.13,12529.439923408328
Nagpur,1,4356,2023,No,290.61,0.07,6671.487603305785
Dehradun,2,1732,2012,No,319.77,0.18,18462.471131639722
Kochi,5,2358,1998,Yes,217.21,0.09,9211.620016963529
Ahmedabad,4,1005,2021,No,257.61,0.26,25632.83582089552
Dehradun,4,577,1999,No,30.57,0.05,5298.093587521664
Ludhiana,2,1848,2023,No,496.88,0.27,26887.445887445887
Patna,5,3526,2019,No,71.7,0.02,2033.4656834940442
Chennai,1,4109,2004,Yes,458.82,0.11,11166.220491603797
New Delhi,4,1235,2006,No,45.48,0.04,3682.591093117409
Kochi,4,3542,2021,Yes,328.72,0.09,9280.632411067194
Mangalore,3,2278,2020,No,180.12,0.08,7906.935908691835
Warangal,2,4581,2010,Yes,197.34,0.04,4307.793058284217
Surat,3,1455,2018,No,91.44,0.06,6284.5360824742265
Vishakhapatnam,2,3923,2008,Yes,250.26,0.06,6379.30155493245
New Delhi,3,4081,1990,No,234.73,0.06,5751.776525361431
Cuttack,3,979,1999,No,109.77,0.11,11212.461695607763
Jaipur,4,1660,2020,No,357.57,0.22,21540.36144578313
Bhopal,3,4992,2002,Yes,444.64,0.09,8907.051282051281
Amritsar,1,2796,1998,Yes,44.92,0.02,1606.5808297567953
Indore,1,4603,1994,Yes,228.2,0.05,4957.636324136432
Surat,2,1770,2016,No,243.05,0.14,13731.638418079096
Pune,2,989,2012,No,266.65,0.27,26961.57735085945
Gaya,2,4805,2000,No,42.32,0.01,880.7492195629552
Jamshedpur,5,3972,1999,Yes,423.6,0.11,10664.65256797583
Silchar,5,1041,1990,Yes,392.63,0.38,37716.61863592699
Hyderabad,5,1556,2017,No,413.97,0.27,26604.755784061697
Hyderabad,2,4149,2018,Yes,266.58,0.06,6425.1626898047725
Cuttack,3,3592,1996,Yes,466.62,0.13,12990.53452115813
Trivandrum,2,3951,2018,No,29.48,0.01,746.1402176664136
New Delhi,4,4906,2009,Yes,281.26,0.06,5732.9800244598455
Pune,4,1030,2003,Yes,66.42,0.06,6448.543689320389
Ahmedabad,1,2759,2006,No,107.76,0.04,3905.762957593331
Gurgaon,2,4137,2008,Yes,196.6,0.05,4752.23591974861
Jaipur,1,2919,1996,No,200.06,0.07,6853.717026378897
Cuttack,4,2914,1992,No,394.13,0.14,13525.394646533974
Mangalore,2,4318,2022,Yes,184.91,0.04,4282.306623436776
Amritsar,5,1689,1990,No,481.08,0.28,28483.126110124333
Jaipur,3,2195,1994,Yes,308.66,0.14,14061.958997722097
Trivandrum,5,4886,2013,Yes,166.99,0.03,3417.724109701187
Jaipur,3,2762,2002,Yes,141.17,0.05,5111.151339608979
Cuttack,5,2536,2001,Yes,449.01,0.18,17705.441640378547
Trivandrum,5,2892,2018,No,417.89,0.14,14449.861687413555
Amritsar,1,2386,2017,No,447.91,0.19,18772.422464375522
Jaipur,3,1852,2001,Yes,128.65,0.07,6946.544276457883
Kolkata,4,1840,1993,Yes,29.34,0.02,1594.5652173913043
Hyderabad,2,4492,1997,Yes,127.28,0.03,2833.481745325022
Lucknow,1,2681,2004,No,368.41,0.14,13741.514360313317
Lucknow,2,2300,2010,Yes,215.6,0.09,9373.91304347826
Bhopal,1,4405,1991,Yes,46.85,0.01,1063.5641316685585
Kochi,4,1260,2003,No,246.49,0.2,19562.698412698413
Raipur,2,3156,2009,No,183.04,0.06,5799.746514575412
Hyderabad,4,1732,2015,Yes,114.45,0.07,6607.96766743649
Ranchi,2,1835,1993,No,123.68,0.07,6740.0544959128065
Pune,2,1230,1994,No,326.81,0.27,26569.91869918699
Mysore,2,3328,2022,No,340.42,0.1,10228.966346153846
Vishakhapatnam,5,2276,2008,Yes,27.51,0.01,1208.6994727592266
Ahmedabad,3,3919,2013,Yes,96.71,0.02,2467.7213574891553
Vishakhapatnam,2,4020,2018,No,71.27,0.02,1772.8855721393036
Bhubaneswar,3,715,2000,No,23.7,0.03,3314.6853146853146
Durgapur,1,2063,2000,No,302.21,0.15,14649.054774600096
Dehradun,5,4040,2021,No,424.9,0.11,10517.326732673268
Faridabad,3,2375,2023,No,381.53,0.16,16064.421052631578
Vishakhapatnam,1,4258,2014,Yes,94.6,0.02,2221.7003287928605
Nagpur,2,2948,2006,Yes,217.2,0.07,7367.7069199457255
Bilaspur,2,1979,2016,No,324.62,0.16,16403.23395654371
Warangal,1,3941,1995,No,385.87,0.1,9791.169753869577
Bhubaneswar,5,4334,2017,No,219.48,0.05,5064.143977849561
Jamshedpur,1,4908,2000,Yes,380.12,0.08,7744.906275468623
Trivandrum,2,2544,1992,Yes,113.87,0.04,4476.022012578616
Faridabad,4,1142,2015,No,327.88,0.29,28711.03327495622
Dehradun,2,2305,2000,Yes,465.13,0.2,20179.175704989153
Kochi,1,2664,2000,No,360.35,0.14,13526.651651651651
